Provincia,Canton,Parroquia,Femenino,Masculino,Textbox17,Textbox6,Textbox7,Textbox18
"AZUAY,CAMILO PONCE ENRIQUEZ,CAMILO PONCE ENRIQUEZ,229,182,411,""331,031"",""316,925"",""647,956"""
"AZUAY,CAMILO PONCE ENRIQUEZ,EL CARMEN DEL PIJILI,0,0,0,""331,031"",""316,925"",""647,956"""
"AZUAY,CHORDELEG,CHORDELEG,290,260,550,""331,031"",""316,925"",""647,956"""
"AZUAY,CHORDELEG,LA UNION,0,0,0,""331,031"",""316,925"",""647,956"""
"AZUAY,CHORDELEG,LUIS GALARZA ORELLANA,0,0,0,""331,031"",""316,925"",""647,956"""
"AZUAY,CHORDELEG,PRINCIPAL,15,27,42,""331,031"",""316,925"",""647,956"""
"AZUAY,CHORDELEG,SAN MARTIN DE PUZHIO,0,0,0,""331,031"",""316,925"",""647,956"""
"AZUAY,CUENCA,BA헲S,421,""1,009"",""1,430"",""331,031"",""316,925"",""647,956"""
"AZUAY,CUENCA,BELLAVISTA,329,529,858,""331,031"",""316,925"",""647,956"""
"AZUAY,CUENCA,CA헤RIBAMBA,639,729,""1,368"",""331,031"",""316,925"",""647,956"""
"AZUAY,CUENCA,CHAUCHA,14,24,38,""331,031"",""316,925"",""647,956"""
"AZUAY,CUENCA,CHECA (JIDCAY),37,45,82,""331,031"",""316,925"",""647,956"""
"AZUAY,CUENCA,CHIQUINTAD,85,147,232,""331,031"",""316,925"",""647,956"""
"AZUAY,CUENCA,CUENCA,0,0,0,""331,031"",""316,925"",""647,956"""
"AZUAY,CUENCA,CUMBE,101,148,249,""331,031"",""316,925"",""647,956"""
"AZUAY,CUENCA,EL BATAN,92,75,167,""331,031"",""316,925"",""647,956"""
"AZUAY,CUENCA,EL SAGRARIO,""1,200"",""1,203"",""2,403"",""331,031"",""316,925"",""647,956"""
"AZUAY,CUENCA,EL VECINO,838,947,""1,785"",""331,031"",""316,925"",""647,956"""
"AZUAY,CUENCA,GIL RAMIREZ DAVALOS,871,799,""1,670"",""331,031"",""316,925"",""647,956"""
"AZUAY,CUENCA,HERMANO MIGUEL,53,66,119,""331,031"",""316,925"",""647,956"""
"AZUAY,CUENCA,HUAYNACAPAC,776,""1,286"",""2,062"",""331,031"",""316,925"",""647,956"""
"AZUAY,CUENCA,LLACAO,30,24,54,""331,031"",""316,925"",""647,956"""
"AZUAY,CUENCA,MACHANGARA,73,199,272,""331,031"",""316,925"",""647,956"""
"AZUAY,CUENCA,MOLLETURO,86,99,185,""331,031"",""316,925"",""647,956"""
"AZUAY,CUENCA,MONAY,""1,591"",331,""1,922"",""331,031"",""316,925"",""647,956"""
"AZUAY,CUENCA,NULTI,135,140,275,""331,031"",""316,925"",""647,956"""
"AZUAY,CUENCA,OCTAVIO CORDERO PALACIOS (SANTA ROSA),11,10,21,""331,031"",""316,925"",""647,956"""
"AZUAY,CUENCA,PACCHA,38,48,86,""331,031"",""316,925"",""647,956"""
"AZUAY,CUENCA,QUINGEO,22,26,48,""331,031"",""316,925"",""647,956"""
"AZUAY,CUENCA,RICAURTE,572,480,""1,052"",""331,031"",""316,925"",""647,956"""
"AZUAY,CUENCA,SAN BLAS,186,333,519,""331,031"",""316,925"",""647,956"""
"AZUAY,CUENCA,SAN JOAQUIN,79,54,133,""331,031"",""316,925"",""647,956"""
"AZUAY,CUENCA,SAN SEBASTIAN,""1,977"",459,""2,436"",""331,031"",""316,925"",""647,956"""
"AZUAY,CUENCA,SANT ANA,88,98,186,""331,031"",""316,925"",""647,956"""
"AZUAY,CUENCA,SAYAUSI,120,179,299,""331,031"",""316,925"",""647,956"""
"AZUAY,CUENCA,SIDCAY,0,0,0,""331,031"",""316,925"",""647,956"""
"AZUAY,CUENCA,SININCAY,17,43,60,""331,031"",""316,925"",""647,956"""
"AZUAY,CUENCA,SUCRE,""1,212"",""1,782"",""2,994"",""331,031"",""316,925"",""647,956"""
"AZUAY,CUENCA,TARQUI,21,79,100,""331,031"",""316,925"",""647,956"""
"AZUAY,CUENCA,TOTORACOCHA,""1,218"",230,""1,448"",""331,031"",""316,925"",""647,956"""
"AZUAY,CUENCA,TURI,41,67,108,""331,031"",""316,925"",""647,956"""
"AZUAY,CUENCA,VALLE,127,508,635,""331,031"",""316,925"",""647,956"""
"AZUAY,CUENCA,VICTORIA DEL PORTETE (IRQUIS),17,16,33,""331,031"",""316,925"",""647,956"""
"AZUAY,CUENCA,YANUNCAY,634,""1,602"",""2,236"",""331,031"",""316,925"",""647,956"""
"AZUAY,EL PAN,EL PAN,24,23,47,""331,031"",""316,925"",""647,956"""
"AZUAY,EL PAN,SAN VICENTE,0,0,0,""331,031"",""316,925"",""647,956"""
"AZUAY,GIRON,ASUNCION,41,59,100,""331,031"",""316,925"",""647,956"""
"AZUAY,GIRON,GIRON,208,171,379,""331,031"",""316,925"",""647,956"""
"AZUAY,GIRON,SAN GERARDO,0,0,0,""331,031"",""316,925"",""647,956"""
"AZUAY,GUACHAPALA,GUACHAPALA,49,68,117,""331,031"",""316,925"",""647,956"""
"AZUAY,GUALACEO,DANIEL CORDOVA TORAL (EL ORIENTE),0,0,0,""331,031"",""316,925"",""647,956"""
"AZUAY,GUALACEO,GUALACEO,737,676,""1,413"",""331,031"",""316,925"",""647,956"""
"AZUAY,GUALACEO,JADAN,29,31,60,""331,031"",""316,925"",""647,956"""
"AZUAY,GUALACEO,LUIS CORDERO VEGA,0,0,0,""331,031"",""316,925"",""647,956"""
"AZUAY,GUALACEO,MARIANO MORENO,27,19,46,""331,031"",""316,925"",""647,956"""
"AZUAY,GUALACEO,REMIGIO CRESPO TORAL (GULAG),0,0,0,""331,031"",""316,925"",""647,956"""
"AZUAY,GUALACEO,SAN JUAN,29,45,74,""331,031"",""316,925"",""647,956"""
"AZUAY,GUALACEO,ZHIDMAD,15,18,33,""331,031"",""316,925"",""647,956"""
"AZUAY,NABON,COCHAPATA,21,31,52,""331,031"",""316,925"",""647,956"""
"AZUAY,NABON,EL PROGRESO,13,21,34,""331,031"",""316,925"",""647,956"""
"AZUAY,NABON,LAS NIEVES (CHAYA),0,0,0,""331,031"",""316,925"",""647,956"""
"AZUAY,NABON,NABON,105,115,220,""331,031"",""316,925"",""647,956"""
"AZUAY,O헤,SAN FELIPE DE O헤,32,17,49,""331,031"",""316,925"",""647,956"""
"AZUAY,O헤,SUSUDEL,18,13,31,""331,031"",""316,925"",""647,956"""
"AZUAY,PAUTE,BULAN (JOSE VICTOR IZQUIERDO),0,0,0,""331,031"",""316,925"",""647,956"""
"AZUAY,PAUTE,CHICAN (GUILLERMO ORTEGA),41,187,228,""331,031"",""316,925"",""647,956"""
"AZUAY,PAUTE,DUG DUG,0,0,0,""331,031"",""316,925"",""647,956"""
"AZUAY,PAUTE,EL CABO,0,0,0,""331,031"",""316,925"",""647,956"""
"AZUAY,PAUTE,GUARAINAG,13,20,33,""331,031"",""316,925"",""647,956"""
"AZUAY,PAUTE,PAUTE,475,370,845,""331,031"",""316,925"",""647,956"""
"AZUAY,PAUTE,SAN CRISTOBAL (CARLOS ORDO헨Z LAZO),0,0,0,""331,031"",""316,925"",""647,956"""
"AZUAY,PAUTE,TOMEBAMBA,0,0,0,""331,031"",""316,925"",""647,956"""
"AZUAY,PUCARA,PUCARA,54,77,131,""331,031"",""316,925"",""647,956"""
"AZUAY,PUCARA,SAN RAFAEL DE SHARUG,23,28,51,""331,031"",""316,925"",""647,956"""
"AZUAY,SAN FERNANDO,CHUMBLIN,0,0,0,""331,031"",""316,925"",""647,956"""
"AZUAY,SAN FERNANDO,SAN FERNANDO,79,71,150,""331,031"",""316,925"",""647,956"""
"AZUAY,SANTA ISABEL,ABDON CALDERON (LA UNION),26,39,65,""331,031"",""316,925"",""647,956"""
"AZUAY,SANTA ISABEL,SANTA ISABEL (CHAGUARURCO),412,364,776,""331,031"",""316,925"",""647,956"""
"AZUAY,SANTA ISABEL,ZHAGLLI (SHAGLLI),8,14,22,""331,031"",""316,925"",""647,956"""
"AZUAY,SEVILLA DE ORO,AMALUZA,0,0,0,""331,031"",""316,925"",""647,956"""
"AZUAY,SEVILLA DE ORO,PALMAS,30,80,110,""331,031"",""316,925"",""647,956"""
"AZUAY,SEVILLA DE ORO,SEVILLA DE ORO,53,27,80,""331,031"",""316,925"",""647,956"""
"AZUAY,SIGSIG,CUCHIL (CUTCHIL),0,0,0,""331,031"",""316,925"",""647,956"""
"AZUAY,SIGSIG,G㏊L,0,0,0,""331,031"",""316,925"",""647,956"""
"AZUAY,SIGSIG,JIMA (GIMA),39,47,86,""331,031"",""316,925"",""647,956"""
"AZUAY,SIGSIG,LUDO,0,0,0,""331,031"",""316,925"",""647,956"""
"AZUAY,SIGSIG,SAN BARTOLOME,16,50,66,""331,031"",""316,925"",""647,956"""
"AZUAY,SIGSIG,SAN JOSE DE RARANGA,19,39,58,""331,031"",""316,925"",""647,956"""
"AZUAY,SIGSIG,SIGSIG,270,217,487,""331,031"",""316,925"",""647,956"""
"BOLIVAR,CALUMA,CALUMA,559,603,""1,162"",""331,031"",""316,925"",""647,956"""
"BOLIVAR,CHILLANES,CHILLANES,258,228,486,""331,031"",""316,925"",""647,956"""
"BOLIVAR,CHILLANES,SAN JOSE DEL TAMBO (TAMBOPAMBA),88,90,178,""331,031"",""316,925"",""647,956"""
"BOLIVAR,CHIMBO,ASUNCION (ASANCOTO),16,24,40,""331,031"",""316,925"",""647,956"""
"BOLIVAR,CHIMBO,MAGDALENA (CHAPACOTO),70,64,134,""331,031"",""316,925"",""647,956"""
"BOLIVAR,CHIMBO,SAN JOSE DE CHIMBO,142,185,327,""331,031"",""316,925"",""647,956"""
"BOLIVAR,CHIMBO,SAN SEBASTIAN,0,0,0,""331,031"",""316,925"",""647,956"""
"BOLIVAR,CHIMBO,TELIMBELA,0,0,0,""331,031"",""316,925"",""647,956"""
"BOLIVAR,ECHEANDIA,ECHEANDIA,319,334,653,""331,031"",""316,925"",""647,956"""
"BOLIVAR,GUARANDA,ANGEL POLIBIO CHAVES,826,537,""1,363"",""331,031"",""316,925"",""647,956"""
"BOLIVAR,GUARANDA,FACUNDO VELA,14,17,31,""331,031"",""316,925"",""647,956"""
"BOLIVAR,GUARANDA,GABRIEL IGNACIO VEINTIMILLA,701,879,""1,580"",""331,031"",""316,925"",""647,956"""
"BOLIVAR,GUARANDA,GUANUJO,130,199,329,""331,031"",""316,925"",""647,956"""
"BOLIVAR,GUARANDA,JULIO E. MORENO (CATANAHUAN GRANDE),0,0,0,""331,031"",""316,925"",""647,956"""
"BOLIVAR,GUARANDA,SALINAS,29,52,81,""331,031"",""316,925"",""647,956"""
"BOLIVAR,GUARANDA,SAN LORENZO,45,101,146,""331,031"",""316,925"",""647,956"""
"BOLIVAR,GUARANDA,SAN LUIS DE PAMBIL,121,132,253,""331,031"",""316,925"",""647,956"""
"BOLIVAR,GUARANDA,SAN SIMON (YACOTO),47,58,105,""331,031"",""316,925"",""647,956"""
"BOLIVAR,GUARANDA,SANTAFE (SANTA FE),13,18,31,""331,031"",""316,925"",""647,956"""
"BOLIVAR,GUARANDA,SIMIATUG,144,229,373,""331,031"",""316,925"",""647,956"""
"BOLIVAR,LAS NAVES,LAS MERCEDES,23,27,50,""331,031"",""316,925"",""647,956"""
"BOLIVAR,LAS NAVES,LAS NAVES,37,40,77,""331,031"",""316,925"",""647,956"""
"BOLIVAR,SAN MIGUEL,BALSAPAMBA,27,40,67,""331,031"",""316,925"",""647,956"""
"BOLIVAR,SAN MIGUEL,BILOVAN,28,24,52,""331,031"",""316,925"",""647,956"""
"BOLIVAR,SAN MIGUEL,REGULO DE MORA,15,25,40,""331,031"",""316,925"",""647,956"""
"BOLIVAR,SAN MIGUEL,SAN MIGUEL,618,622,""1,240"",""331,031"",""316,925"",""647,956"""
"BOLIVAR,SAN MIGUEL,SAN PABLO (SAN PABLO DE ATENAS),110,114,224,""331,031"",""316,925"",""647,956"""
"BOLIVAR,SAN MIGUEL,SAN VICENTE,0,0,0,""331,031"",""316,925"",""647,956"""
"BOLIVAR,SAN MIGUEL,SANTIAGO,7,9,16,""331,031"",""316,925"",""647,956"""
"CA헤R,AZOGUES,AURELIO BAYAS,39,35,74,""331,031"",""316,925"",""647,956"""
"CA헤R,AZOGUES,AZOGUES,""1,489"",""1,609"",""3,098"",""331,031"",""316,925"",""647,956"""
"CA헤R,AZOGUES,BORRERO,30,43,73,""331,031"",""316,925"",""647,956"""
"CA헤R,AZOGUES,COJITAMBO,31,28,59,""331,031"",""316,925"",""647,956"""
"CA헤R,AZOGUES,GUAPAN,62,65,127,""331,031"",""316,925"",""647,956"""
"CA헤R,AZOGUES,JAVIER LOYOLA (CHUQUIPATA),52,56,108,""331,031"",""316,925"",""647,956"""
"CA헤R,AZOGUES,LUIS CORDERO,39,28,67,""331,031"",""316,925"",""647,956"""
"CA헤R,AZOGUES,PINDILIG,16,20,36,""331,031"",""316,925"",""647,956"""
"CA헤R,AZOGUES,RIVERA,27,20,47,""331,031"",""316,925"",""647,956"""
"CA헤R,AZOGUES,SAN FRANCISCO,62,66,128,""331,031"",""316,925"",""647,956"""
"CA헤R,AZOGUES,SAN MIGUEL,16,31,47,""331,031"",""316,925"",""647,956"""
"CA헤R,AZOGUES,TADAY,41,43,84,""331,031"",""316,925"",""647,956"""
"CA헤R,BIBLIAN,BIBLIAN,191,203,394,""331,031"",""316,925"",""647,956"""
"CA헤R,BIBLIAN,JERUSALEN,0,0,0,""331,031"",""316,925"",""647,956"""
"CA헤R,BIBLIAN,NAZON,17,13,30,""331,031"",""316,925"",""647,956"""
"CA헤R,BIBLIAN,SAN FRANCISCO DE SAGEO,0,0,0,""331,031"",""316,925"",""647,956"""
"CA헤R,BIBLIAN,TURUPAMBA,0,0,0,""331,031"",""316,925"",""647,956"""
"CA헤R,CA헤R,CA헤R,""1,140"",""1,130"",""2,270"",""331,031"",""316,925"",""647,956"""
"CA헤R,CA헤R,CHONTAMARCA,47,41,88,""331,031"",""316,925"",""647,956"""
"CA헤R,CA헤R,CHOROCOPTE,0,0,0,""331,031"",""316,925"",""647,956"""
"CA헤R,CA헤R,DUCUR,66,54,120,""331,031"",""316,925"",""647,956"""
"CA헤R,CA헤R,GENERAL MORALES (SOCARTE),22,23,45,""331,031"",""316,925"",""647,956"""
"CA헤R,CA헤R,GUALLETURO,32,32,64,""331,031"",""316,925"",""647,956"""
"CA헤R,CA헤R,HONORATO VASQUEZ (TAMBO VIEJO),9,48,57,""331,031"",""316,925"",""647,956"""
"CA헤R,CA헤R,INGAPIRCA,77,81,158,""331,031"",""316,925"",""647,956"""
"CA헤R,CA헤R,JUNCAL,25,7,32,""331,031"",""316,925"",""647,956"""
"CA헤R,CA헤R,SAN ANTONIO,19,20,39,""331,031"",""316,925"",""647,956"""
"CA헤R,CA헤R,VENTURA,0,0,0,""331,031"",""316,925"",""647,956"""
"CA헤R,CA헤R,ZHUD,37,34,71,""331,031"",""316,925"",""647,956"""
"CA헤R,DELEG,DELEG,62,49,111,""331,031"",""316,925"",""647,956"""
"CA헤R,DELEG,SOLANO,25,24,49,""331,031"",""316,925"",""647,956"""
"CA헤R,EL TAMBO,EL TAMBO,198,151,349,""331,031"",""316,925"",""647,956"""
"CA헤R,LA TRONCAL,LA TRONCAL,""1,158"",""1,027"",""2,185"",""331,031"",""316,925"",""647,956"""
"CA헤R,LA TRONCAL,MANUEL J. CALLE,174,148,322,""331,031"",""316,925"",""647,956"""
"CA헤R,LA TRONCAL,PANCHO NEGRO,112,81,193,""331,031"",""316,925"",""647,956"""
"CA헤R,SUSCAL,SUSCAL,118,136,254,""331,031"",""316,925"",""647,956"""
"CARCHI,BOLIVAR,BOLIVAR,56,106,162,""331,031"",""316,925"",""647,956"""
"CARCHI,BOLIVAR,GARCIA MORENO,0,0,0,""331,031"",""316,925"",""647,956"""
"CARCHI,BOLIVAR,LOS ANDES,7,12,19,""331,031"",""316,925"",""647,956"""
"CARCHI,BOLIVAR,MONTE OLIVO,19,15,34,""331,031"",""316,925"",""647,956"""
"CARCHI,BOLIVAR,SAN RAFAEL,21,25,46,""331,031"",""316,925"",""647,956"""
"CARCHI,BOLIVAR,SAN VICENTE DE PUSIR,50,40,90,""331,031"",""316,925"",""647,956"""
"CARCHI,ESPEJO,27 DE SEPTIEMBRE,0,0,0,""331,031"",""316,925"",""647,956"""
"CARCHI,ESPEJO,EL ANGEL,278,336,614,""331,031"",""316,925"",""647,956"""
"CARCHI,ESPEJO,EL GOALTAL,9,14,23,""331,031"",""316,925"",""647,956"""
"CARCHI,ESPEJO,LA LIBERTAD (ALIZO),47,43,90,""331,031"",""316,925"",""647,956"""
"CARCHI,ESPEJO,SAN ISIDRO,33,37,70,""331,031"",""316,925"",""647,956"""
"CARCHI,MIRA,CONCEPCION,25,33,58,""331,031"",""316,925"",""647,956"""
"CARCHI,MIRA,JIJON Y CAAMA헲,37,48,85,""331,031"",""316,925"",""647,956"""
"CARCHI,MIRA,JUAN MONTALVO (SAN IGNACIO DE QUIL),25,14,39,""331,031"",""316,925"",""647,956"""
"CARCHI,MIRA,MIRA (CHONTAHUASI),160,126,286,""331,031"",""316,925"",""647,956"""
"CARCHI,MONTUFAR,CHITAN DE NAVARRETE,0,0,0,""331,031"",""316,925"",""647,956"""
"CARCHI,MONTUFAR,CRISTOBAL COLON,29,25,54,""331,031"",""316,925"",""647,956"""
"CARCHI,MONTUFAR,FERNANDEZ SALVADOR,0,0,0,""331,031"",""316,925"",""647,956"""
"CARCHI,MONTUFAR,GONZALEZ SUAREZ,548,483,""1,031"",""331,031"",""316,925"",""647,956"""
"CARCHI,MONTUFAR,LA PAZ,57,28,85,""331,031"",""316,925"",""647,956"""
"CARCHI,MONTUFAR,PIARTAL,2,5,7,""331,031"",""316,925"",""647,956"""
"CARCHI,MONTUFAR,SAN JOSE,228,164,392,""331,031"",""316,925"",""647,956"""
"CARCHI,SAN PEDRO DE HUACA,HUACA,162,146,308,""331,031"",""316,925"",""647,956"""
"CARCHI,SAN PEDRO DE HUACA,MARISCAL SUCRE,25,19,44,""331,031"",""316,925"",""647,956"""
"CARCHI,TULCAN,EL CARMELO (EL PUN),25,23,48,""331,031"",""316,925"",""647,956"""
"CARCHI,TULCAN,EL CHICAL,30,32,62,""331,031"",""316,925"",""647,956"""
"CARCHI,TULCAN,GONZALEZ SUAREZ,""1,329"",780,""2,109"",""331,031"",""316,925"",""647,956"""
"CARCHI,TULCAN,JULIO ANDRADE (OREJUELA),135,129,264,""331,031"",""316,925"",""647,956"""
"CARCHI,TULCAN,MALDONADO,0,0,0,""331,031"",""316,925"",""647,956"""
"CARCHI,TULCAN,PIOTER,0,0,0,""331,031"",""316,925"",""647,956"""
"CARCHI,TULCAN,SANTA MARTHA DE CUBA,20,18,38,""331,031"",""316,925"",""647,956"""
"CARCHI,TULCAN,TOBAR DONOSO (LA BOCANA DE CAMUMBI),0,0,0,""331,031"",""316,925"",""647,956"""
"CARCHI,TULCAN,TUFI헲,23,33,56,""331,031"",""316,925"",""647,956"""
"CARCHI,TULCAN,TULCAN,237,824,""1,061"",""331,031"",""316,925"",""647,956"""
"CARCHI,TULCAN,URBINA (TAYA),0,0,0,""331,031"",""316,925"",""647,956"""
"CHIMBORAZO,ALAUSI,ACHUPALLAS,51,58,109,""331,031"",""316,925"",""647,956"""
"CHIMBORAZO,ALAUSI,ALAUSI,351,403,754,""331,031"",""316,925"",""647,956"""
"CHIMBORAZO,ALAUSI,GUASUNTOS,0,0,0,""331,031"",""316,925"",""647,956"""
"CHIMBORAZO,ALAUSI,HUIGRA,27,42,69,""331,031"",""316,925"",""647,956"""
"CHIMBORAZO,ALAUSI,MULTITUD,0,0,0,""331,031"",""316,925"",""647,956"""
"CHIMBORAZO,ALAUSI,PISTISHI (NARIZ DEL DIABLO),0,0,0,""331,031"",""316,925"",""647,956"""
"CHIMBORAZO,ALAUSI,PUMALLACTA,0,0,0,""331,031"",""316,925"",""647,956"""
"CHIMBORAZO,ALAUSI,SEVILLA,0,0,0,""331,031"",""316,925"",""647,956"""
"CHIMBORAZO,ALAUSI,SIBAMBE,18,23,41,""331,031"",""316,925"",""647,956"""
"CHIMBORAZO,ALAUSI,TIXAN,51,141,192,""331,031"",""316,925"",""647,956"""
"CHIMBORAZO,CHAMBO,CHAMBO,70,73,143,""331,031"",""316,925"",""647,956"""
"CHIMBORAZO,CHUNCHI,CAPZOL,0,0,0,""331,031"",""316,925"",""647,956"""
"CHIMBORAZO,CHUNCHI,CHUNCHI,233,180,413,""331,031"",""316,925"",""647,956"""
"CHIMBORAZO,CHUNCHI,COMPUD,0,0,0,""331,031"",""316,925"",""647,956"""
"CHIMBORAZO,CHUNCHI,GONZOL,23,30,53,""331,031"",""316,925"",""647,956"""
"CHIMBORAZO,CHUNCHI,LLAGOS,14,22,36,""331,031"",""316,925"",""647,956"""
"CHIMBORAZO,COLTA,CAJABAMBA,120,173,293,""331,031"",""316,925"",""647,956"""
"CHIMBORAZO,COLTA,CA헬,25,18,43,""331,031"",""316,925"",""647,956"""
"CHIMBORAZO,COLTA,COLUMBE,358,475,833,""331,031"",""316,925"",""647,956"""
"CHIMBORAZO,COLTA,JUAN DE VELASCO (PANGOR),16,13,29,""331,031"",""316,925"",""647,956"""
"CHIMBORAZO,COLTA,SANTIAGO DE QUITO,35,36,71,""331,031"",""316,925"",""647,956"""
"CHIMBORAZO,COLTA,SICALPA,148,195,343,""331,031"",""316,925"",""647,956"""
"CHIMBORAZO,CUMANDA,CUMANDA,202,222,424,""331,031"",""316,925"",""647,956"""
"CHIMBORAZO,GUAMOTE,CEBADAS,64,55,119,""331,031"",""316,925"",""647,956"""
"CHIMBORAZO,GUAMOTE,GUAMOTE,265,367,632,""331,031"",""316,925"",""647,956"""
"CHIMBORAZO,GUAMOTE,PALMIRA,42,84,126,""331,031"",""316,925"",""647,956"""
"CHIMBORAZO,GUANO,EL ROSARIO,0,0,0,""331,031"",""316,925"",""647,956"""
"CHIMBORAZO,GUANO,GUANANDO,0,0,0,""331,031"",""316,925"",""647,956"""
"CHIMBORAZO,GUANO,ILAPO,12,14,26,""331,031"",""316,925"",""647,956"""
"CHIMBORAZO,GUANO,LA MATRIZ,96,124,220,""331,031"",""316,925"",""647,956"""
"CHIMBORAZO,GUANO,LA PROVIDENCIA,0,0,0,""331,031"",""316,925"",""647,956"""
"CHIMBORAZO,GUANO,SAN ANDRES,145,164,309,""331,031"",""316,925"",""647,956"""
"CHIMBORAZO,GUANO,SAN GERARDO DE PACAICAGUAN,26,23,49,""331,031"",""316,925"",""647,956"""
"CHIMBORAZO,GUANO,SAN ISIDRO DE PATULU,46,24,70,""331,031"",""316,925"",""647,956"""
"CHIMBORAZO,GUANO,SAN JOSE DEL CHAZO,16,11,27,""331,031"",""316,925"",""647,956"""
"CHIMBORAZO,GUANO,SANTA FE DE GALAN,0,0,0,""331,031"",""316,925"",""647,956"""
"CHIMBORAZO,GUANO,VALPARAISO,0,0,0,""331,031"",""316,925"",""647,956"""
"CHIMBORAZO,PALLATANGA,PALLATANGA,149,131,280,""331,031"",""316,925"",""647,956"""
"CHIMBORAZO,PENIPE,BILBAO,0,0,0,""331,031"",""316,925"",""647,956"""
"CHIMBORAZO,PENIPE,EL ALTAR,0,0,0,""331,031"",""316,925"",""647,956"""
"CHIMBORAZO,PENIPE,LA CANDELARIA,0,0,0,""331,031"",""316,925"",""647,956"""
"CHIMBORAZO,PENIPE,MATUS,0,0,0,""331,031"",""316,925"",""647,956"""
"CHIMBORAZO,PENIPE,PENIPE,74,56,130,""331,031"",""316,925"",""647,956"""
"CHIMBORAZO,PENIPE,PUELA,0,0,0,""331,031"",""316,925"",""647,956"""
"CHIMBORAZO,PENIPE,SAN ANTONIO DE BAYUSHIG,25,25,50,""331,031"",""316,925"",""647,956"""
"CHIMBORAZO,RIOBAMBA,CACHA,24,47,71,""331,031"",""316,925"",""647,956"""
"CHIMBORAZO,RIOBAMBA,CALPI,85,149,234,""331,031"",""316,925"",""647,956"""
"CHIMBORAZO,RIOBAMBA,CUBIJIES,0,0,0,""331,031"",""316,925"",""647,956"""
"CHIMBORAZO,RIOBAMBA,FLORES,29,32,61,""331,031"",""316,925"",""647,956"""
"CHIMBORAZO,RIOBAMBA,LICAN,0,0,0,""331,031"",""316,925"",""647,956"""
"CHIMBORAZO,RIOBAMBA,LICTO,85,133,218,""331,031"",""316,925"",""647,956"""
"CHIMBORAZO,RIOBAMBA,LIZARZABURU,""2,560"",""1,236"",""3,796"",""331,031"",""316,925"",""647,956"""
"CHIMBORAZO,RIOBAMBA,MALDONADO,""1,162"",""2,068"",""3,230"",""331,031"",""316,925"",""647,956"""
"CHIMBORAZO,RIOBAMBA,PUNGALA,30,36,66,""331,031"",""316,925"",""647,956"""
"CHIMBORAZO,RIOBAMBA,PUNIN,55,97,152,""331,031"",""316,925"",""647,956"""
"CHIMBORAZO,RIOBAMBA,QUIMIAG,46,125,171,""331,031"",""316,925"",""647,956"""
"CHIMBORAZO,RIOBAMBA,SAN JUAN,85,94,179,""331,031"",""316,925"",""647,956"""
"CHIMBORAZO,RIOBAMBA,SAN LUIS,15,11,26,""331,031"",""316,925"",""647,956"""
"CHIMBORAZO,RIOBAMBA,VELASCO,967,""2,469"",""3,436"",""331,031"",""316,925"",""647,956"""
"CHIMBORAZO,RIOBAMBA,VELOZ,""1,995"",""1,007"",""3,002"",""331,031"",""316,925"",""647,956"""
"CHIMBORAZO,RIOBAMBA,YARUQUIES,0,0,0,""331,031"",""316,925"",""647,956"""
"COTOPAXI,LA MANA,EL CARMEN,36,77,113,""331,031"",""316,925"",""647,956"""
"COTOPAXI,LA MANA,GUASAGANDA,29,17,46,""331,031"",""316,925"",""647,956"""
"COTOPAXI,LA MANA,LA MANA,692,681,""1,373"",""331,031"",""316,925"",""647,956"""
"COTOPAXI,LA MANA,PUCAYACU,41,48,89,""331,031"",""316,925"",""647,956"""
"COTOPAXI,LATACUNGA,11 DE NOVIEMBRE (ILLINCHISI),0,0,0,""331,031"",""316,925"",""647,956"""
"COTOPAXI,LATACUNGA,ALAQUES (ALAQUEZ),83,133,216,""331,031"",""316,925"",""647,956"""
"COTOPAXI,LATACUNGA,BELISARIO QUEVEDO (GUANAILIN),100,136,236,""331,031"",""316,925"",""647,956"""
"COTOPAXI,LATACUNGA,ELOY ALFARO  (SAN FELIPE),370,537,907,""331,031"",""316,925"",""647,956"""
"COTOPAXI,LATACUNGA,GUAITACAMA (GUAYTACAMA),127,180,307,""331,031"",""316,925"",""647,956"""
"COTOPAXI,LATACUNGA,IGNACIO FLORES (PARQUE FLORES),494,""1,188"",""1,682"",""331,031"",""316,925"",""647,956"""
"COTOPAXI,LATACUNGA,JOSEGUANGO BAJO,0,0,0,""331,031"",""316,925"",""647,956"""
"COTOPAXI,LATACUNGA,JUAN MONTALVO (SAN SEBASTIAN),53,460,513,""331,031"",""316,925"",""647,956"""
"COTOPAXI,LATACUNGA,LA MATRIZ,""3,028"",""1,699"",""4,727"",""331,031"",""316,925"",""647,956"""
"COTOPAXI,LATACUNGA,MULALO,47,41,88,""331,031"",""316,925"",""647,956"""
"COTOPAXI,LATACUNGA,POALO,15,15,30,""331,031"",""316,925"",""647,956"""
"COTOPAXI,LATACUNGA,SAN BUENAVENTURA,115,189,304,""331,031"",""316,925"",""647,956"""
"COTOPAXI,LATACUNGA,SAN JUAN DE PASTOCALLE,40,44,84,""331,031"",""316,925"",""647,956"""
"COTOPAXI,LATACUNGA,TANICUCHI,136,245,381,""331,031"",""316,925"",""647,956"""
"COTOPAXI,LATACUNGA,TOACASO,212,271,483,""331,031"",""316,925"",""647,956"""
"COTOPAXI,PANGUA,EL CORAZON,204,252,456,""331,031"",""316,925"",""647,956"""
"COTOPAXI,PANGUA,MORASPUNGO,161,204,365,""331,031"",""316,925"",""647,956"""
"COTOPAXI,PANGUA,PINLLOPATA,0,0,0,""331,031"",""316,925"",""647,956"""
"COTOPAXI,PANGUA,RAMON CAMPA헤,0,0,0,""331,031"",""316,925"",""647,956"""
"COTOPAXI,PUJILI,ANGAMARCA,24,39,63,""331,031"",""316,925"",""647,956"""
"COTOPAXI,PUJILI,GUANGAJE,0,0,0,""331,031"",""316,925"",""647,956"""
"COTOPAXI,PUJILI,LA VICTORIA,0,0,0,""331,031"",""316,925"",""647,956"""
"COTOPAXI,PUJILI,PILALO,0,0,0,""331,031"",""316,925"",""647,956"""
"COTOPAXI,PUJILI,PUJILI,666,816,""1,482"",""331,031"",""316,925"",""647,956"""
"COTOPAXI,PUJILI,TINGO,61,94,155,""331,031"",""316,925"",""647,956"""
"COTOPAXI,PUJILI,ZUMBAHUA,58,129,187,""331,031"",""316,925"",""647,956"""
"COTOPAXI,SALCEDO,ANTONIO JOSE HOLGUIN (SANTA LUCIA),0,0,0,""331,031"",""316,925"",""647,956"""
"COTOPAXI,SALCEDO,CUSUBAMBA,34,44,78,""331,031"",""316,925"",""647,956"""
"COTOPAXI,SALCEDO,MULALILLO,62,69,131,""331,031"",""316,925"",""647,956"""
"COTOPAXI,SALCEDO,MULLIQUINDIL (SANTA ANA),0,0,0,""331,031"",""316,925"",""647,956"""
"COTOPAXI,SALCEDO,PANSALEO,13,18,31,""331,031"",""316,925"",""647,956"""
"COTOPAXI,SALCEDO,SAN MIGUEL,663,816,""1,479"",""331,031"",""316,925"",""647,956"""
"COTOPAXI,SAQUISILI,CANCHAGUA,0,0,0,""331,031"",""316,925"",""647,956"""
"COTOPAXI,SAQUISILI,CHANTILIN,0,0,0,""331,031"",""316,925"",""647,956"""
"COTOPAXI,SAQUISILI,COCHAPAMBA,0,0,0,""331,031"",""316,925"",""647,956"""
"COTOPAXI,SAQUISILI,SAQUISILI,341,376,717,""331,031"",""316,925"",""647,956"""
"COTOPAXI,SIGCHOS,CHUGCHILLAN (CHUGCHILAN),0,0,0,""331,031"",""316,925"",""647,956"""
"COTOPAXI,SIGCHOS,ISINLIVI,18,22,40,""331,031"",""316,925"",""647,956"""
"COTOPAXI,SIGCHOS,LAS PAMPAS,18,14,32,""331,031"",""316,925"",""647,956"""
"COTOPAXI,SIGCHOS,PALO QUEMADO,15,15,30,""331,031"",""316,925"",""647,956"""
"COTOPAXI,SIGCHOS,SIGCHOS,124,128,252,""331,031"",""316,925"",""647,956"""
"EL ORO,ARENILLAS,ARENILLAS,575,545,""1,120"",""331,031"",""316,925"",""647,956"""
"EL ORO,ARENILLAS,CARCABON,0,0,0,""331,031"",""316,925"",""647,956"""
"EL ORO,ARENILLAS,CHACRAS,16,24,40,""331,031"",""316,925"",""647,956"""
"EL ORO,ARENILLAS,PALMALES,26,27,53,""331,031"",""316,925"",""647,956"""
"EL ORO,ATAHUALPA,AYAPAMBA,11,15,26,""331,031"",""316,925"",""647,956"""
"EL ORO,ATAHUALPA,CORDONCILLO,0,0,0,""331,031"",""316,925"",""647,956"""
"EL ORO,ATAHUALPA,MILAGRO,0,0,0,""331,031"",""316,925"",""647,956"""
"EL ORO,ATAHUALPA,PACCHA,58,58,116,""331,031"",""316,925"",""647,956"""
"EL ORO,ATAHUALPA,SAN JOSE,0,0,0,""331,031"",""316,925"",""647,956"""
"EL ORO,ATAHUALPA,SAN JUAN DE CERRO AZUL,0,0,0,""331,031"",""316,925"",""647,956"""
"EL ORO,BALSAS,BALSAS,202,201,403,""331,031"",""316,925"",""647,956"""
"EL ORO,BALSAS,BELLAMARIA,0,0,0,""331,031"",""316,925"",""647,956"""
"EL ORO,CHILLA,CHILLA,27,14,41,""331,031"",""316,925"",""647,956"""
"EL ORO,EL GUABO,BARBONES (SUCRE),105,106,211,""331,031"",""316,925"",""647,956"""
"EL ORO,EL GUABO,EL GUABO,586,451,""1,037"",""331,031"",""316,925"",""647,956"""
"EL ORO,EL GUABO,LA IBERIA,0,0,0,""331,031"",""316,925"",""647,956"""
"EL ORO,EL GUABO,RIO BONITO,29,89,118,""331,031"",""316,925"",""647,956"""
"EL ORO,EL GUABO,TENDALES,0,0,0,""331,031"",""316,925"",""647,956"""
"EL ORO,HUAQUILLAS,ECUADOR,932,""1,055"",""1,987"",""331,031"",""316,925"",""647,956"""
"EL ORO,HUAQUILLAS,EL PARAISO,33,37,70,""331,031"",""316,925"",""647,956"""
"EL ORO,HUAQUILLAS,HUALTACO,0,0,0,""331,031"",""316,925"",""647,956"""
"EL ORO,HUAQUILLAS,MILTON REYES,239,20,259,""331,031"",""316,925"",""647,956"""
"EL ORO,HUAQUILLAS,UNION LOJANA,72,85,157,""331,031"",""316,925"",""647,956"""
"EL ORO,LAS LAJAS,EL PARAISO,0,0,0,""331,031"",""316,925"",""647,956"""
"EL ORO,LAS LAJAS,LA LIBERTAD,0,0,0,""331,031"",""316,925"",""647,956"""
"EL ORO,LAS LAJAS,LA VICTORIA,62,78,140,""331,031"",""316,925"",""647,956"""
"EL ORO,LAS LAJAS,SAN ISIDRO,0,0,0,""331,031"",""316,925"",""647,956"""
"EL ORO,MACHALA,EL CAMBIO,232,413,645,""331,031"",""316,925"",""647,956"""
"EL ORO,MACHALA,EL RETIRO,0,0,0,""331,031"",""316,925"",""647,956"""
"EL ORO,MACHALA,LA PROVIDENCIA,""2,148"",""2,701"",""4,849"",""331,031"",""316,925"",""647,956"""
"EL ORO,MACHALA,MACHALA,""4,707"",""2,702"",""7,409"",""331,031"",""316,925"",""647,956"""
"EL ORO,MACHALA,NUEVE DE MAYO,330,495,825,""331,031"",""316,925"",""647,956"""
"EL ORO,MACHALA,PUERTO BOLIVAR,633,630,""1,263"",""331,031"",""316,925"",""647,956"""
"EL ORO,MARCABELI,EL INGENIO,0,0,0,""331,031"",""316,925"",""647,956"""
"EL ORO,MARCABELI,MARCABELI,140,125,265,""331,031"",""316,925"",""647,956"""
"EL ORO,PASAJE,BOLIVAR,62,212,274,""331,031"",""316,925"",""647,956"""
"EL ORO,PASAJE,BUENAVISTA,43,57,100,""331,031"",""316,925"",""647,956"""
"EL ORO,PASAJE,CA헤QUEMADA,0,0,0,""331,031"",""316,925"",""647,956"""
"EL ORO,PASAJE,CASACAY,12,6,18,""331,031"",""316,925"",""647,956"""
"EL ORO,PASAJE,LA PEA헤,7,13,20,""331,031"",""316,925"",""647,956"""
"EL ORO,PASAJE,LOMA DE FRANCO,0,0,0,""331,031"",""316,925"",""647,956"""
"EL ORO,PASAJE,OCHOA LEON (MATRIZ),""1,833"",""1,632"",""3,465"",""331,031"",""316,925"",""647,956"""
"EL ORO,PASAJE,PROGRESO,26,19,45,""331,031"",""316,925"",""647,956"""
"EL ORO,PASAJE,TRES CERRITOS,0,0,0,""331,031"",""316,925"",""647,956"""
"EL ORO,PASAJE,UZHCURRUMI,26,26,52,""331,031"",""316,925"",""647,956"""
"EL ORO,PI헤S,CAPIRO,19,26,45,""331,031"",""316,925"",""647,956"""
"EL ORO,PI헤S,LA BOCANA,43,34,77,""331,031"",""316,925"",""647,956"""
"EL ORO,PI헤S,LA MATRIZ,791,665,""1,456"",""331,031"",""316,925"",""647,956"""
"EL ORO,PI헤S,LA SUSAYA,0,0,0,""331,031"",""316,925"",""647,956"""
"EL ORO,PI헤S,MOROMORO,6,4,10,""331,031"",""316,925"",""647,956"""
"EL ORO,PI헤S,PIEDRAS,0,0,0,""331,031"",""316,925"",""647,956"""
"EL ORO,PI헤S,PI헤S GRANDE,0,0,0,""331,031"",""316,925"",""647,956"""
"EL ORO,PI헤S,SAN ROQUE (AMBROSIO MALDONADO),0,0,0,""331,031"",""316,925"",""647,956"""
"EL ORO,PI헤S,SARACAY,0,0,0,""331,031"",""316,925"",""647,956"""
"EL ORO,PORTOVELO,CURTINCAPA,17,18,35,""331,031"",""316,925"",""647,956"""
"EL ORO,PORTOVELO,MORALES,0,0,0,""331,031"",""316,925"",""647,956"""
"EL ORO,PORTOVELO,PORTOVELO,241,227,468,""331,031"",""316,925"",""647,956"""
"EL ORO,PORTOVELO,SALATI,20,17,37,""331,031"",""316,925"",""647,956"""
"EL ORO,SANTA ROSA,BELLAMARIA,68,53,121,""331,031"",""316,925"",""647,956"""
"EL ORO,SANTA ROSA,BELLAVISTA,24,25,49,""331,031"",""316,925"",""647,956"""
"EL ORO,SANTA ROSA,JAMBELI,0,0,0,""331,031"",""316,925"",""647,956"""
"EL ORO,SANTA ROSA,LA AVANZADA,27,27,54,""331,031"",""316,925"",""647,956"""
"EL ORO,SANTA ROSA,NUEVO SANTA ROSA,41,43,84,""331,031"",""316,925"",""647,956"""
"EL ORO,SANTA ROSA,PUERTO JELI,22,16,38,""331,031"",""316,925"",""647,956"""
"EL ORO,SANTA ROSA,SAN ANTONIO,0,0,0,""331,031"",""316,925"",""647,956"""
"EL ORO,SANTA ROSA,SANTA ROSA,""1,561"",""1,379"",""2,940"",""331,031"",""316,925"",""647,956"""
"EL ORO,SANTA ROSA,TORATA,43,29,72,""331,031"",""316,925"",""647,956"""
"EL ORO,SANTA ROSA,VICTORIA,0,0,0,""331,031"",""316,925"",""647,956"""
"EL ORO,ZARUMA,ABA헬N,0,0,0,""331,031"",""316,925"",""647,956"""
"EL ORO,ZARUMA,ARCAPAMBA,0,0,0,""331,031"",""316,925"",""647,956"""
"EL ORO,ZARUMA,GUANAZAN,38,27,65,""331,031"",""316,925"",""647,956"""
"EL ORO,ZARUMA,GUIZHAGUI헤,2,6,8,""331,031"",""316,925"",""647,956"""
"EL ORO,ZARUMA,HUERTAS,25,39,64,""331,031"",""316,925"",""647,956"""
"EL ORO,ZARUMA,MALVAS,17,14,31,""331,031"",""316,925"",""647,956"""
"EL ORO,ZARUMA,MULUNCAY GRANDE,20,29,49,""331,031"",""316,925"",""647,956"""
"EL ORO,ZARUMA,SALVIAS,0,0,0,""331,031"",""316,925"",""647,956"""
"EL ORO,ZARUMA,SINSAO,0,0,0,""331,031"",""316,925"",""647,956"""
"EL ORO,ZARUMA,ZARUMA,498,480,978,""331,031"",""316,925"",""647,956"""
"ESMERALDAS,ATACAMES,ATACAMES,603,592,""1,195"",""331,031"",""316,925"",""647,956"""
"ESMERALDAS,ATACAMES,LA UNION,16,16,32,""331,031"",""316,925"",""647,956"""
"ESMERALDAS,ATACAMES,SUA,93,73,166,""331,031"",""316,925"",""647,956"""
"ESMERALDAS,ATACAMES,TONCHIG㏊,80,61,141,""331,031"",""316,925"",""647,956"""
"ESMERALDAS,ATACAMES,TONSUPA,77,69,146,""331,031"",""316,925"",""647,956"""
"ESMERALDAS,ELOY ALFARO,ANCHAYACU,0,0,0,""331,031"",""316,925"",""647,956"""
"ESMERALDAS,ELOY ALFARO,ATAHUALPA (CAB. EN CAMARONES),11,32,43,""331,031"",""316,925"",""647,956"""
"ESMERALDAS,ELOY ALFARO,BORBON,136,141,277,""331,031"",""316,925"",""647,956"""
"ESMERALDAS,ELOY ALFARO,COLON ELOY DEL MARIA,22,22,44,""331,031"",""316,925"",""647,956"""
"ESMERALDAS,ELOY ALFARO,LA TOLA,68,50,118,""331,031"",""316,925"",""647,956"""
"ESMERALDAS,ELOY ALFARO,LUIS VARGAS TORRES,0,0,0,""331,031"",""316,925"",""647,956"""
"ESMERALDAS,ELOY ALFARO,MALDONADO,51,33,84,""331,031"",""316,925"",""647,956"""
"ESMERALDAS,ELOY ALFARO,PAMPANAL DE BOLIVAR,0,0,0,""331,031"",""316,925"",""647,956"""
"ESMERALDAS,ELOY ALFARO,SAN FRANCISCO DE ONZOLE,0,0,0,""331,031"",""316,925"",""647,956"""
"ESMERALDAS,ELOY ALFARO,SAN JOSE DE CAYAPAS,0,0,0,""331,031"",""316,925"",""647,956"""
"ESMERALDAS,ELOY ALFARO,SANTO DOMINGO DE ONZOLE,0,0,0,""331,031"",""316,925"",""647,956"""
"ESMERALDAS,ELOY ALFARO,SELVA ALEGRE,14,6,20,""331,031"",""316,925"",""647,956"""
"ESMERALDAS,ELOY ALFARO,TELEMBI,11,36,47,""331,031"",""316,925"",""647,956"""
"ESMERALDAS,ELOY ALFARO,TIMBIRE,0,0,0,""331,031"",""316,925"",""647,956"""
"ESMERALDAS,ELOY ALFARO,VALDEZ (LIMONES),176,139,315,""331,031"",""316,925"",""647,956"""
"ESMERALDAS,ESMERALDAS,5 DE AGOSTO,""1,483"",731,""2,214"",""331,031"",""316,925"",""647,956"""
"ESMERALDAS,ESMERALDAS,BARTOLOME RUIZ (CESAR FRANCO CARRION),""1,129"",""1,126"",""2,255"",""331,031"",""316,925"",""647,956"""
"ESMERALDAS,ESMERALDAS,CAMARONES,57,54,111,""331,031"",""316,925"",""647,956"""
"ESMERALDAS,ESMERALDAS,CHINCA,0,0,0,""331,031"",""316,925"",""647,956"""
"ESMERALDAS,ESMERALDAS,CRNEL. CARLOS CONCHA TORRES,0,0,0,""331,031"",""316,925"",""647,956"""
"ESMERALDAS,ESMERALDAS,ESMERALDAS,""2,500"",""1,458"",""3,958"",""331,031"",""316,925"",""647,956"""
"ESMERALDAS,ESMERALDAS,LUIS TELLO  (LAS PALMAS),170,141,311,""331,031"",""316,925"",""647,956"""
"ESMERALDAS,ESMERALDAS,MAJUA,0,0,0,""331,031"",""316,925"",""647,956"""
"ESMERALDAS,ESMERALDAS,SAN MATEO,38,64,102,""331,031"",""316,925"",""647,956"""
"ESMERALDAS,ESMERALDAS,SIMON PLATA TORRES,177,376,553,""331,031"",""316,925"",""647,956"""
"ESMERALDAS,ESMERALDAS,TABIAZO,24,23,47,""331,031"",""316,925"",""647,956"""
"ESMERALDAS,ESMERALDAS,TACHINA,47,57,104,""331,031"",""316,925"",""647,956"""
"ESMERALDAS,ESMERALDAS,VUELTA LARGA,""1,173"",""1,644"",""2,817"",""331,031"",""316,925"",""647,956"""
"ESMERALDAS,LA CONCORDIA,LA CONCORDIA,""1,069"",809,""1,878"",""331,031"",""316,925"",""647,956"""
"ESMERALDAS,MUISNE,BOLIVAR,0,0,0,""331,031"",""316,925"",""647,956"""
"ESMERALDAS,MUISNE,DAULE,0,0,0,""331,031"",""316,925"",""647,956"""
"ESMERALDAS,MUISNE,GALERA,0,0,0,""331,031"",""316,925"",""647,956"""
"ESMERALDAS,MUISNE,MUISNE,184,176,360,""331,031"",""316,925"",""647,956"""
"ESMERALDAS,MUISNE,QUINGUE (OLMEDO PERDOMO FRANCO),0,0,0,""331,031"",""316,925"",""647,956"""
"ESMERALDAS,MUISNE,SALIMA,0,0,0,""331,031"",""316,925"",""647,956"""
"ESMERALDAS,MUISNE,SAN FRANCISCO,24,31,55,""331,031"",""316,925"",""647,956"""
"ESMERALDAS,MUISNE,SAN GREGORIO,0,0,0,""331,031"",""316,925"",""647,956"""
"ESMERALDAS,MUISNE,SAN JOSE DE CHAMANGA,118,146,264,""331,031"",""316,925"",""647,956"""
"ESMERALDAS,QUININDE,CHURA (CHANCAMA),0,0,0,""331,031"",""316,925"",""647,956"""
"ESMERALDAS,QUININDE,CUBE,0,0,0,""331,031"",""316,925"",""647,956"""
"ESMERALDAS,QUININDE,LA UNION,397,333,730,""331,031"",""316,925"",""647,956"""
"ESMERALDAS,QUININDE,MALIMPIA,125,168,293,""331,031"",""316,925"",""647,956"""
"ESMERALDAS,QUININDE,ROSA ZARATE (QUININDE),""1,056"",""1,025"",""2,081"",""331,031"",""316,925"",""647,956"""
"ESMERALDAS,QUININDE,VICHE,151,98,249,""331,031"",""316,925"",""647,956"""
"ESMERALDAS,RIOVERDE,CHONTADURO,0,0,0,""331,031"",""316,925"",""647,956"""
"ESMERALDAS,RIOVERDE,CHUMUNDE,26,57,83,""331,031"",""316,925"",""647,956"""
"ESMERALDAS,RIOVERDE,LAGARTO,29,15,44,""331,031"",""316,925"",""647,956"""
"ESMERALDAS,RIOVERDE,MONTALVO,87,62,149,""331,031"",""316,925"",""647,956"""
"ESMERALDAS,RIOVERDE,RIOVERDE,83,74,157,""331,031"",""316,925"",""647,956"""
"ESMERALDAS,RIOVERDE,ROCAFUERTE,170,98,268,""331,031"",""316,925"",""647,956"""
"ESMERALDAS,SAN LORENZO,5 DE JUNIO,0,0,0,""331,031"",""316,925"",""647,956"""
"ESMERALDAS,SAN LORENZO,ALTO TAMBO,0,0,0,""331,031"",""316,925"",""647,956"""
"ESMERALDAS,SAN LORENZO,ANCON (PICHANGAL),0,0,0,""331,031"",""316,925"",""647,956"""
"ESMERALDAS,SAN LORENZO,CALDERON,0,0,0,""331,031"",""316,925"",""647,956"""
"ESMERALDAS,SAN LORENZO,CARONDELET,38,44,82,""331,031"",""316,925"",""647,956"""
"ESMERALDAS,SAN LORENZO,CONCEPCION,0,0,0,""331,031"",""316,925"",""647,956"""
"ESMERALDAS,SAN LORENZO,MATAJE,0,0,0,""331,031"",""316,925"",""647,956"""
"ESMERALDAS,SAN LORENZO,SAN JAVIER DE CACHAVI,0,0,0,""331,031"",""316,925"",""647,956"""
"ESMERALDAS,SAN LORENZO,SAN LORENZO,712,500,""1,212"",""331,031"",""316,925"",""647,956"""
"ESMERALDAS,SAN LORENZO,SANTA RITA,0,0,0,""331,031"",""316,925"",""647,956"""
"ESMERALDAS,SAN LORENZO,TAMBILLO,0,0,0,""331,031"",""316,925"",""647,956"""
"ESMERALDAS,SAN LORENZO,TULULBI,0,0,0,""331,031"",""316,925"",""647,956"""
"ESMERALDAS,SAN LORENZO,URBINA,0,0,0,""331,031"",""316,925"",""647,956"""
"GALAPAGOS,ISABELA,""PUERTO VILLAMIL, CABECERA CANTONAL"",42,52,94,""331,031"",""316,925"",""647,956"""
"GALAPAGOS,ISABELA,TOMAS DE BERLANGA (SANTO TOMAS) (CAB. EN  LA ESPERANZA) CON ,0,0,0,""331,031"",""316,925"",""647,956"""
"GALAPAGOS,SAN CRISTOBAL,EL PROGRESO,0,0,0,""331,031"",""316,925"",""647,956"""
"GALAPAGOS,SAN CRISTOBAL,ISLA SANTA MARIA (FLOREANA) (CAB. EN  PTO. VELASCO IBARRA) C,0,0,0,""331,031"",""316,925"",""647,956"""
"GALAPAGOS,SAN CRISTOBAL,""PUERTO BAQUERIZO MORENO, CABECERA CANTONAL Y CAPITAL PROVINC"",212,227,439,""331,031"",""316,925"",""647,956"""
"GALAPAGOS,SANTA CRUZ,""BELLAVISTA CON LAS ISLAS *BALTRA MARCHENA """"BINDLOE"""" PINTA """"A"",0,0,0,""331,031"",""316,925"",""647,956"""
"GALAPAGOS,SANTA CRUZ,""PUERTO AYORA, CABECERA CANTONAL"",416,373,789,""331,031"",""316,925"",""647,956"""
"GALAPAGOS,SANTA CRUZ,SANTA ROSA CON LA ISLA BALTRA,0,0,0,""331,031"",""316,925"",""647,956"""
"GUAYAS,ALFREDO BAQUERIZO MORENO (JUJAN),ALFREDO BAQUERIZO MORENO (JUJAN),179,172,351,""331,031"",""316,925"",""647,956"""
"GUAYAS,BALAO,BALAO,194,174,368,""331,031"",""316,925"",""647,956"""
"GUAYAS,BALZAR,BALZAR,826,676,""1,502"",""331,031"",""316,925"",""647,956"""
"GUAYAS,COLIMES,COLIMES,133,126,259,""331,031"",""316,925"",""647,956"""
"GUAYAS,COLIMES,SAN JACINTO,0,0,0,""331,031"",""316,925"",""647,956"""
"GUAYAS,CORONEL MARCELINO MARIDUE헤,CORONEL MARCELINO MARIDUE헤,180,212,392,""331,031"",""316,925"",""647,956"""
"GUAYAS,DAULE,BANIFE,0,0,0,""331,031"",""316,925"",""647,956"""
"GUAYAS,DAULE,DAULE,""1,705"",""1,789"",""3,494"",""331,031"",""316,925"",""647,956"""
"GUAYAS,DAULE,EMILIANO CAICEDO MARCOS,0,0,0,""331,031"",""316,925"",""647,956"""
"GUAYAS,DAULE,JUAN BAUTISTA AGUIRRE (LOS TINTOS),32,29,61,""331,031"",""316,925"",""647,956"""
"GUAYAS,DAULE,LA AURORA,261,319,580,""331,031"",""316,925"",""647,956"""
"GUAYAS,DAULE,LAUREL,122,118,240,""331,031"",""316,925"",""647,956"""
"GUAYAS,DAULE,LIMONAL,49,57,106,""331,031"",""316,925"",""647,956"""
"GUAYAS,DAULE,LOS LOJAS (ENRIQUE BAQUERIZO MORENO),223,0,223,""331,031"",""316,925"",""647,956"""
"GUAYAS,DAULE,MAGRO,0,0,0,""331,031"",""316,925"",""647,956"""
"GUAYAS,DAULE,SANTA CLARA,0,0,0,""331,031"",""316,925"",""647,956"""
"GUAYAS,DURAN,EL RECREO,250,205,455,""331,031"",""316,925"",""647,956"""
"GUAYAS,DURAN,ELOY ALFARO (DURAN),""2,037"",""2,097"",""4,134"",""331,031"",""316,925"",""647,956"""
"GUAYAS,EL TRIUNFO,EL TRIUNFO,""1,063"",861,""1,924"",""331,031"",""316,925"",""647,956"""
"GUAYAS,EMPALME,EL ROSARIO,0,0,0,""331,031"",""316,925"",""647,956"""
"GUAYAS,EMPALME,GUAYAS (PUEBLO NUEVO),262,286,548,""331,031"",""316,925"",""647,956"""
"GUAYAS,EMPALME,VELASCO IBARRA,""1,012"",929,""1,941"",""331,031"",""316,925"",""647,956"""
"GUAYAS,GENERAL ANTONIO ELIZALDE,GENERAL ANTONIO ELIZALDE (BUCAY),645,559,""1,204"",""331,031"",""316,925"",""647,956"""
"GUAYAS,GUAYAQUIL,AYACUCHO,""1,750"",""1,770"",""3,520"",""331,031"",""316,925"",""647,956"""
"GUAYAS,GUAYAQUIL,BOLIVAR  (SAGRARIO),269,391,660,""331,031"",""316,925"",""647,956"""
"GUAYAS,GUAYAQUIL,CARBO (CONCEPCION),""1,982"",""1,071"",""3,053"",""331,031"",""316,925"",""647,956"""
"GUAYAS,GUAYAQUIL,CHONGON,635,461,""1,096"",""331,031"",""316,925"",""647,956"""
"GUAYAS,GUAYAQUIL,FEBRES CORDERO,""4,663"",""5,368"",""10,031"",""331,031"",""316,925"",""647,956"""
"GUAYAS,GUAYAQUIL,GARCIA MORENO,""4,059"",""1,122"",""5,181"",""331,031"",""316,925"",""647,956"""
"GUAYAS,GUAYAQUIL,GUAYAQUIL,156,103,259,""331,031"",""316,925"",""647,956"""
"GUAYAS,GUAYAQUIL,JUAN GOMEZ RENDON (PROGRESO),96,119,215,""331,031"",""316,925"",""647,956"""
"GUAYAS,GUAYAQUIL,LETAMENDI,831,""1,044"",""1,875"",""331,031"",""316,925"",""647,956"""
"GUAYAS,GUAYAQUIL,MORRO,0,0,0,""331,031"",""316,925"",""647,956"""
"GUAYAS,GUAYAQUIL,NUEVE DE OCTUBRE,""3,932"",""2,690"",""6,622"",""331,031"",""316,925"",""647,956"""
"GUAYAS,GUAYAQUIL,OLMEDO  (SAN ALEJO),883,301,""1,184"",""331,031"",""316,925"",""647,956"""
"GUAYAS,GUAYAQUIL,PASCUALES,""1,003"",""1,068"",""2,071"",""331,031"",""316,925"",""647,956"""
"GUAYAS,GUAYAQUIL,POSORJA,273,251,524,""331,031"",""316,925"",""647,956"""
"GUAYAS,GUAYAQUIL,PUNA,57,79,136,""331,031"",""316,925"",""647,956"""
"GUAYAS,GUAYAQUIL,ROCA,328,593,921,""331,031"",""316,925"",""647,956"""
"GUAYAS,GUAYAQUIL,ROCAFUERTE,678,226,904,""331,031"",""316,925"",""647,956"""
"GUAYAS,GUAYAQUIL,SUCRE,308,140,448,""331,031"",""316,925"",""647,956"""
"GUAYAS,GUAYAQUIL,TARQUI,""24,636"",""23,138"",""47,774"",""331,031"",""316,925"",""647,956"""
"GUAYAS,GUAYAQUIL,TENGUEL,133,120,253,""331,031"",""316,925"",""647,956"""
"GUAYAS,GUAYAQUIL,URDANETA,921,""3,851"",""4,772"",""331,031"",""316,925"",""647,956"""
"GUAYAS,GUAYAQUIL,XIMENA,""12,761"",""10,249"",""23,010"",""331,031"",""316,925"",""647,956"""
"GUAYAS,ISIDRO AYORA,ISIDRO AYORA,174,210,384,""331,031"",""316,925"",""647,956"""
"GUAYAS,LOMAS DE SARGENTILLO,LOMAS DE SARGENTILLO,115,80,195,""331,031"",""316,925"",""647,956"""
"GUAYAS,MILAGRO,CHOBO,0,0,0,""331,031"",""316,925"",""647,956"""
"GUAYAS,MILAGRO,MARISCAL SUCRE (HUAQUES),78,73,151,""331,031"",""316,925"",""647,956"""
"GUAYAS,MILAGRO,MILAGRO,""4,402"",""4,102"",""8,504"",""331,031"",""316,925"",""647,956"""
"GUAYAS,MILAGRO,ROBERTO ASTUDILLO,124,109,233,""331,031"",""316,925"",""647,956"""
"GUAYAS,NARANJAL,JESUS MARIA,57,32,89,""331,031"",""316,925"",""647,956"""
"GUAYAS,NARANJAL,NARANJAL,""1,181"",""1,009"",""2,190"",""331,031"",""316,925"",""647,956"""
"GUAYAS,NARANJAL,SAN CARLOS,0,0,0,""331,031"",""316,925"",""647,956"""
"GUAYAS,NARANJAL,SANTA ROSA DE FLANDES,24,19,43,""331,031"",""316,925"",""647,956"""
"GUAYAS,NARANJAL,TAURA,67,62,129,""331,031"",""316,925"",""647,956"""
"GUAYAS,NARANJITO,NARANJITO,445,409,854,""331,031"",""316,925"",""647,956"""
"GUAYAS,NOBOL,NARCISA DE JESUS,445,437,882,""331,031"",""316,925"",""647,956"""
"GUAYAS,PALESTINA,PALESTINA,155,131,286,""331,031"",""316,925"",""647,956"""
"GUAYAS,PEDRO CARBO,PEDRO CARBO,471,477,948,""331,031"",""316,925"",""647,956"""
"GUAYAS,PEDRO CARBO,SABANILLA,33,24,57,""331,031"",""316,925"",""647,956"""
"GUAYAS,PEDRO CARBO,VALLE DE LA VIRGEN,49,51,100,""331,031"",""316,925"",""647,956"""
"GUAYAS,PLAYAS,GENERAL VILLAMIL (PLAYAS),832,914,""1,746"",""331,031"",""316,925"",""647,956"""
"GUAYAS,SALITRE,BOCANA,0,0,0,""331,031"",""316,925"",""647,956"""
"GUAYAS,SALITRE,EL SALITRE (LAS RAMAS),455,443,898,""331,031"",""316,925"",""647,956"""
"GUAYAS,SALITRE,GRAL. VERNAZA (DOS ESTEROS),77,72,149,""331,031"",""316,925"",""647,956"""
"GUAYAS,SALITRE,JUNQUILLAL,82,102,184,""331,031"",""316,925"",""647,956"""
"GUAYAS,SALITRE,LA VICTORIA (헤UZA),40,48,88,""331,031"",""316,925"",""647,956"""
"GUAYAS,SAMBORONDON,SAMBORONDON,607,587,""1,194"",""331,031"",""316,925"",""647,956"""
"GUAYAS,SAMBORONDON,TARIFA,810,614,""1,424"",""331,031"",""316,925"",""647,956"""
"GUAYAS,SAN JACINTO DE YAGUACHI,GRAL. PEDRO J. MONTERO (BOLICHE),101,95,196,""331,031"",""316,925"",""647,956"""
"GUAYAS,SAN JACINTO DE YAGUACHI,SAN JACINTO DE YAGUACHI,386,374,760,""331,031"",""316,925"",""647,956"""
"GUAYAS,SAN JACINTO DE YAGUACHI,VIRGEN DE FATIMA,9,10,19,""331,031"",""316,925"",""647,956"""
"GUAYAS,SAN JACINTO DE YAGUACHI,YAGUACHI VIEJO (CONE),26,29,55,""331,031"",""316,925"",""647,956"""
"GUAYAS,SANTA LUCIA,SANTA LUCIA,443,424,867,""331,031"",""316,925"",""647,956"""
"GUAYAS,SIMON BOLIVAR,CRNEL. LORENZO DE GARAICOA (PEDREGAL),17,28,45,""331,031"",""316,925"",""647,956"""
"GUAYAS,SIMON BOLIVAR,SIMON BOLIVAR,256,234,490,""331,031"",""316,925"",""647,956"""
"IMBABURA,ANTONIO ANTE,ANDRADE MARIN  (LOURDES),45,127,172,""331,031"",""316,925"",""647,956"""
"IMBABURA,ANTONIO ANTE,ATUNTAQUI,715,535,""1,250"",""331,031"",""316,925"",""647,956"""
"IMBABURA,ANTONIO ANTE,IMBAYA (SAN LUIS DE COBUENDO),0,0,0,""331,031"",""316,925"",""647,956"""
"IMBABURA,ANTONIO ANTE,SAN FRANCISCO DE NATABUELA,0,0,0,""331,031"",""316,925"",""647,956"""
"IMBABURA,ANTONIO ANTE,SAN JOSE DE CHALTURA,0,0,0,""331,031"",""316,925"",""647,956"""
"IMBABURA,ANTONIO ANTE,SAN ROQUE,32,52,84,""331,031"",""316,925"",""647,956"""
"IMBABURA,COTACACHI,6 DE JULIO DE CUELLAJE,14,14,28,""331,031"",""316,925"",""647,956"""
"IMBABURA,COTACACHI,APUELA,39,52,91,""331,031"",""316,925"",""647,956"""
"IMBABURA,COTACACHI,GARCIA MORENO (LLURIMAGUA),147,112,259,""331,031"",""316,925"",""647,956"""
"IMBABURA,COTACACHI,IMANTAG,15,11,26,""331,031"",""316,925"",""647,956"""
"IMBABURA,COTACACHI,PE헤HERRERA,24,22,46,""331,031"",""316,925"",""647,956"""
"IMBABURA,COTACACHI,PLAZA GUTIERREZ (CALVARIO),0,0,0,""331,031"",""316,925"",""647,956"""
"IMBABURA,COTACACHI,QUIROGA,54,101,155,""331,031"",""316,925"",""647,956"""
"IMBABURA,COTACACHI,SAGRARIO,230,288,518,""331,031"",""316,925"",""647,956"""
"IMBABURA,COTACACHI,SAN FRANCISCO,55,74,129,""331,031"",""316,925"",""647,956"""
"IMBABURA,COTACACHI,VACAS GALINDO (EL CHURO),0,0,0,""331,031"",""316,925"",""647,956"""
"IMBABURA,IBARRA,AMBUQUI,143,156,299,""331,031"",""316,925"",""647,956"""
"IMBABURA,IBARRA,ANGOCHAGUA,5,17,22,""331,031"",""316,925"",""647,956"""
"IMBABURA,IBARRA,CARANQUI,82,367,449,""331,031"",""316,925"",""647,956"""
"IMBABURA,IBARRA,CAROLINA,0,0,0,""331,031"",""316,925"",""647,956"""
"IMBABURA,IBARRA,GUAYAQUIL DE ALPACHACA,95,145,240,""331,031"",""316,925"",""647,956"""
"IMBABURA,IBARRA,LA DOLOROSA DEL PRIORATO,63,124,187,""331,031"",""316,925"",""647,956"""
"IMBABURA,IBARRA,LA ESPERANZA,26,65,91,""331,031"",""316,925"",""647,956"""
"IMBABURA,IBARRA,LITA,33,35,68,""331,031"",""316,925"",""647,956"""
"IMBABURA,IBARRA,SAGRARIO,729,""1,206"",""1,935"",""331,031"",""316,925"",""647,956"""
"IMBABURA,IBARRA,SALINAS,17,20,37,""331,031"",""316,925"",""647,956"""
"IMBABURA,IBARRA,SAN ANTONIO,145,266,411,""331,031"",""316,925"",""647,956"""
"IMBABURA,IBARRA,SAN FRANCISCO,""3,149"",""2,342"",""5,491"",""331,031"",""316,925"",""647,956"""
"IMBABURA,OTAVALO,DR. MIGUEL EGAS CABEZAS (PEGUCHE),187,267,454,""331,031"",""316,925"",""647,956"""
"IMBABURA,OTAVALO,EUGENIO ESPEJO (CALPAQUI),0,0,0,""331,031"",""316,925"",""647,956"""
"IMBABURA,OTAVALO,GONZALEZ SUAREZ,10,8,18,""331,031"",""316,925"",""647,956"""
"IMBABURA,OTAVALO,JORDAN,""1,887"",""1,930"",""3,817"",""331,031"",""316,925"",""647,956"""
"IMBABURA,OTAVALO,PATAQUI,0,0,0,""331,031"",""316,925"",""647,956"""
"IMBABURA,OTAVALO,SAN JOSE DE QUICHINCHE,0,0,0,""331,031"",""316,925"",""647,956"""
"IMBABURA,OTAVALO,SAN JUAN DE ILUMAN,35,32,67,""331,031"",""316,925"",""647,956"""
"IMBABURA,OTAVALO,SAN LUIS,51,141,192,""331,031"",""316,925"",""647,956"""
"IMBABURA,OTAVALO,SAN PABLO,236,266,502,""331,031"",""316,925"",""647,956"""
"IMBABURA,OTAVALO,SAN RAFAEL,35,35,70,""331,031"",""316,925"",""647,956"""
"IMBABURA,OTAVALO,SELVA ALEGRE,0,0,0,""331,031"",""316,925"",""647,956"""
"IMBABURA,PIMAMPIRO,CHUGA,0,0,0,""331,031"",""316,925"",""647,956"""
"IMBABURA,PIMAMPIRO,MARIANO ACOSTA,37,25,62,""331,031"",""316,925"",""647,956"""
"IMBABURA,PIMAMPIRO,PIMAMPIRO,219,209,428,""331,031"",""316,925"",""647,956"""
"IMBABURA,PIMAMPIRO,SAN FRANCISCO DE SIGSIPAMBA,11,6,17,""331,031"",""316,925"",""647,956"""
"IMBABURA,SAN MIGUEL DE URCUQUI,CAHUASQUI,26,17,43,""331,031"",""316,925"",""647,956"""
"IMBABURA,SAN MIGUEL DE URCUQUI,LA MERCED DE BUENOS AIRES,10,7,17,""331,031"",""316,925"",""647,956"""
"IMBABURA,SAN MIGUEL DE URCUQUI,PABLO ARENAS,0,0,0,""331,031"",""316,925"",""647,956"""
"IMBABURA,SAN MIGUEL DE URCUQUI,SAN BLAS,0,0,0,""331,031"",""316,925"",""647,956"""
"IMBABURA,SAN MIGUEL DE URCUQUI,TUMBABIRO,0,0,0,""331,031"",""316,925"",""647,956"""
"IMBABURA,SAN MIGUEL DE URCUQUI,URCUQUI,173,172,345,""331,031"",""316,925"",""647,956"""
"LOJA,CALVAS,CARIAMANGA,551,555,""1,106"",""331,031"",""316,925"",""647,956"""
"LOJA,CALVAS,CHILE,0,0,0,""331,031"",""316,925"",""647,956"""
"LOJA,CALVAS,COLAISACA,9,5,14,""331,031"",""316,925"",""647,956"""
"LOJA,CALVAS,EL LUCERO,31,26,57,""331,031"",""316,925"",""647,956"""
"LOJA,CALVAS,SAN VICENTE,229,229,458,""331,031"",""316,925"",""647,956"""
"LOJA,CALVAS,SANGUILLIN,0,0,0,""331,031"",""316,925"",""647,956"""
"LOJA,CALVAS,UTUANA,22,28,50,""331,031"",""316,925"",""647,956"""
"LOJA,CATAMAYO,CATAMAYO,674,534,""1,208"",""331,031"",""316,925"",""647,956"""
"LOJA,CATAMAYO,EL TAMBO,37,45,82,""331,031"",""316,925"",""647,956"""
"LOJA,CATAMAYO,GUAYQUICHUMA,0,0,0,""331,031"",""316,925"",""647,956"""
"LOJA,CATAMAYO,SAN PEDRO DE LA BENDITA,63,123,186,""331,031"",""316,925"",""647,956"""
"LOJA,CATAMAYO,ZAMBI,9,10,19,""331,031"",""316,925"",""647,956"""
"LOJA,CELICA,CELICA,154,147,301,""331,031"",""316,925"",""647,956"""
"LOJA,CELICA,CRUZPAMBA,29,49,78,""331,031"",""316,925"",""647,956"""
"LOJA,CELICA,POZUL (SAN JUAN DE POZUL),55,64,119,""331,031"",""316,925"",""647,956"""
"LOJA,CELICA,SABANILLA,24,24,48,""331,031"",""316,925"",""647,956"""
"LOJA,CELICA,TNTE. MAXIMILIANO RODRIGUEZ LOAIZA,0,0,0,""331,031"",""316,925"",""647,956"""
"LOJA,CHAGUARPAMBA,AMARILLOS,0,0,0,""331,031"",""316,925"",""647,956"""
"LOJA,CHAGUARPAMBA,BUENAVISTA,19,16,35,""331,031"",""316,925"",""647,956"""
"LOJA,CHAGUARPAMBA,CHAGUARPAMBA,82,76,158,""331,031"",""316,925"",""647,956"""
"LOJA,CHAGUARPAMBA,EL ROSARIO,0,0,0,""331,031"",""316,925"",""647,956"""
"LOJA,CHAGUARPAMBA,SANTA RUFINA,14,13,27,""331,031"",""316,925"",""647,956"""
"LOJA,ESPINDOLA,27 DE ABRIL,28,27,55,""331,031"",""316,925"",""647,956"""
"LOJA,ESPINDOLA,AMALUZA,186,199,385,""331,031"",""316,925"",""647,956"""
"LOJA,ESPINDOLA,BELLAVISTA,0,0,0,""331,031"",""316,925"",""647,956"""
"LOJA,ESPINDOLA,EL AIRO,11,17,28,""331,031"",""316,925"",""647,956"""
"LOJA,ESPINDOLA,EL INGENIO,39,29,68,""331,031"",""316,925"",""647,956"""
"LOJA,ESPINDOLA,JIMBURA,26,36,62,""331,031"",""316,925"",""647,956"""
"LOJA,ESPINDOLA,SANTA TERESITA,10,17,27,""331,031"",""316,925"",""647,956"""
"LOJA,GONZANAMA,CHANGAIMINA (LA LIBERTAD),41,57,98,""331,031"",""316,925"",""647,956"""
"LOJA,GONZANAMA,GONZANAMA,129,119,248,""331,031"",""316,925"",""647,956"""
"LOJA,GONZANAMA,NAMBACOLA,29,24,53,""331,031"",""316,925"",""647,956"""
"LOJA,GONZANAMA,PURUNUMA (EGUIGUREN),17,17,34,""331,031"",""316,925"",""647,956"""
"LOJA,GONZANAMA,SACAPALCA,15,11,26,""331,031"",""316,925"",""647,956"""
"LOJA,LOJA,CHANTACO,32,26,58,""331,031"",""316,925"",""647,956"""
"LOJA,LOJA,CHUQUIRIBAMBA,27,29,56,""331,031"",""316,925"",""647,956"""
"LOJA,LOJA,EL CISNE,31,35,66,""331,031"",""316,925"",""647,956"""
"LOJA,LOJA,EL SAGRARIO,""2,762"",""1,992"",""4,754"",""331,031"",""316,925"",""647,956"""
"LOJA,LOJA,GUALEL,6,13,19,""331,031"",""316,925"",""647,956"""
"LOJA,LOJA,JIMBILLA,6,8,14,""331,031"",""316,925"",""647,956"""
"LOJA,LOJA,MALACATOS (VALLADOLID),135,162,297,""331,031"",""316,925"",""647,956"""
"LOJA,LOJA,QUINARA,37,45,82,""331,031"",""316,925"",""647,956"""
"LOJA,LOJA,SAN LUCAS,49,36,85,""331,031"",""316,925"",""647,956"""
"LOJA,LOJA,SAN PEDRO DE VILCABAMBA,24,36,60,""331,031"",""316,925"",""647,956"""
"LOJA,LOJA,SAN SEBASTIAN,""1,617"",""1,856"",""3,473"",""331,031"",""316,925"",""647,956"""
"LOJA,LOJA,SANTIAGO,23,18,41,""331,031"",""316,925"",""647,956"""
"LOJA,LOJA,SUCRE,354,608,962,""331,031"",""316,925"",""647,956"""
"LOJA,LOJA,TAQUIL (MIGUEL RIOFRIO),0,0,0,""331,031"",""316,925"",""647,956"""
"LOJA,LOJA,VALLE,""1,518"",""1,466"",""2,984"",""331,031"",""316,925"",""647,956"""
"LOJA,LOJA,VILCABAMBA (VICTORIA),149,151,300,""331,031"",""316,925"",""647,956"""
"LOJA,LOJA,YANGANA (ARSENIO CASTILLO),23,34,57,""331,031"",""316,925"",""647,956"""
"LOJA,MACARA,GENERAL ELOY ALFARO (SAN SEBASTIAN),267,310,577,""331,031"",""316,925"",""647,956"""
"LOJA,MACARA,LA VICTORIA,9,14,23,""331,031"",""316,925"",""647,956"""
"LOJA,MACARA,LARAMA,0,0,0,""331,031"",""316,925"",""647,956"""
"LOJA,MACARA,MACARA,282,196,478,""331,031"",""316,925"",""647,956"""
"LOJA,MACARA,MACARA  (MANUEL ENRIQUE RENGEL SUQUILANDA),0,0,0,""331,031"",""316,925"",""647,956"""
"LOJA,MACARA,SABIANGO (LA CAPILLA),14,19,33,""331,031"",""316,925"",""647,956"""
"LOJA,OLMEDO,LA TINGUE,12,19,31,""331,031"",""316,925"",""647,956"""
"LOJA,OLMEDO,OLMEDO,107,78,185,""331,031"",""316,925"",""647,956"""
"LOJA,PALTAS,CANGONAMA,7,7,14,""331,031"",""316,925"",""647,956"""
"LOJA,PALTAS,CASANGA,38,36,74,""331,031"",""316,925"",""647,956"""
"LOJA,PALTAS,CATACOCHA,100,61,161,""331,031"",""316,925"",""647,956"""
"LOJA,PALTAS,GUACHANAMA,13,17,30,""331,031"",""316,925"",""647,956"""
"LOJA,PALTAS,LAURO GUERRERO,17,16,33,""331,031"",""316,925"",""647,956"""
"LOJA,PALTAS,LOURDES,428,499,927,""331,031"",""316,925"",""647,956"""
"LOJA,PALTAS,ORIANGA,30,30,60,""331,031"",""316,925"",""647,956"""
"LOJA,PALTAS,SAN ANTONIO,17,18,35,""331,031"",""316,925"",""647,956"""
"LOJA,PALTAS,YAMANA,6,8,14,""331,031"",""316,925"",""647,956"""
"LOJA,PINDAL,12 DE DICIEMBRE,16,17,33,""331,031"",""316,925"",""647,956"""
"LOJA,PINDAL,CHAQUINAL,19,30,49,""331,031"",""316,925"",""647,956"""
"LOJA,PINDAL,PINDAL,122,102,224,""331,031"",""316,925"",""647,956"""
"LOJA,PUYANGO,ALAMOR,236,210,446,""331,031"",""316,925"",""647,956"""
"LOJA,PUYANGO,CIANO,30,47,77,""331,031"",""316,925"",""647,956"""
"LOJA,PUYANGO,EL ARENAL,29,26,55,""331,031"",""316,925"",""647,956"""
"LOJA,PUYANGO,EL LIMO (MARIANA DE JESUS),15,17,32,""331,031"",""316,925"",""647,956"""
"LOJA,PUYANGO,MERCADILLO,13,20,33,""331,031"",""316,925"",""647,956"""
"LOJA,PUYANGO,VICENTINO,8,20,28,""331,031"",""316,925"",""647,956"""
"LOJA,QUILANGA,FUNDOCHAMBA,0,0,0,""331,031"",""316,925"",""647,956"""
"LOJA,QUILANGA,QUILANGA,63,57,120,""331,031"",""316,925"",""647,956"""
"LOJA,QUILANGA,SAN ANTONIO DE LAS ARADAS,12,11,23,""331,031"",""316,925"",""647,956"""
"LOJA,SARAGURO,EL PARAISO DE CELEN,0,0,0,""331,031"",""316,925"",""647,956"""
"LOJA,SARAGURO,EL TABLON,0,0,0,""331,031"",""316,925"",""647,956"""
"LOJA,SARAGURO,LLUZHAPA,0,0,0,""331,031"",""316,925"",""647,956"""
"LOJA,SARAGURO,MANU,25,20,45,""331,031"",""316,925"",""647,956"""
"LOJA,SARAGURO,SAN ANTONIO DE QUMBE (CUMBE),0,0,0,""331,031"",""316,925"",""647,956"""
"LOJA,SARAGURO,SAN PABLO DE TENTA,82,58,140,""331,031"",""316,925"",""647,956"""
"LOJA,SARAGURO,SAN SEBASTIAN DE YULUC,0,0,0,""331,031"",""316,925"",""647,956"""
"LOJA,SARAGURO,SARAGURO,432,408,840,""331,031"",""316,925"",""647,956"""
"LOJA,SARAGURO,SELVA ALEGRE,31,27,58,""331,031"",""316,925"",""647,956"""
"LOJA,SARAGURO,SUMAYPAMBA,0,0,0,""331,031"",""316,925"",""647,956"""
"LOJA,SARAGURO,URDANETA (PAQUISHAPA),47,41,88,""331,031"",""316,925"",""647,956"""
"LOJA,SOZORANGA,NUEVA FATIMA,11,17,28,""331,031"",""316,925"",""647,956"""
"LOJA,SOZORANGA,SOZORANGA,54,43,97,""331,031"",""316,925"",""647,956"""
"LOJA,SOZORANGA,TACAMOROS,34,20,54,""331,031"",""316,925"",""647,956"""
"LOJA,ZAPOTILLO,BOLASPAMBA,0,0,0,""331,031"",""316,925"",""647,956"""
"LOJA,ZAPOTILLO,CAZADEROS (CAB.EN MANGAURCO),0,0,0,""331,031"",""316,925"",""647,956"""
"LOJA,ZAPOTILLO,GARZAREAL,0,0,0,""331,031"",""316,925"",""647,956"""
"LOJA,ZAPOTILLO,LIMONES,0,0,0,""331,031"",""316,925"",""647,956"""
"LOJA,ZAPOTILLO,PALETILLAS,23,17,40,""331,031"",""316,925"",""647,956"""
"LOJA,ZAPOTILLO,ZAPOTILLO,98,102,200,""331,031"",""316,925"",""647,956"""
"LOS RIOS,BABA,BABA,305,246,551,""331,031"",""316,925"",""647,956"""
"LOS RIOS,BABA,GUARE,57,66,123,""331,031"",""316,925"",""647,956"""
"LOS RIOS,BABA,ISLA DE BEJUCAL,142,172,314,""331,031"",""316,925"",""647,956"""
"LOS RIOS,BABAHOYO,BARREIRO,107,97,204,""331,031"",""316,925"",""647,956"""
"LOS RIOS,BABAHOYO,CARACOL,74,85,159,""331,031"",""316,925"",""647,956"""
"LOS RIOS,BABAHOYO,CLEMENTE BAQUERIZO,""3,139"",""3,414"",""6,553"",""331,031"",""316,925"",""647,956"""
"LOS RIOS,BABAHOYO,DR. CAMILO PONCE,""1,487"",672,""2,159"",""331,031"",""316,925"",""647,956"""
"LOS RIOS,BABAHOYO,EL SALTO,22,29,51,""331,031"",""316,925"",""647,956"""
"LOS RIOS,BABAHOYO,FEBRES CORDERO (LAS JUNTAS),169,154,323,""331,031"",""316,925"",""647,956"""
"LOS RIOS,BABAHOYO,LA UNION,308,273,581,""331,031"",""316,925"",""647,956"""
"LOS RIOS,BABAHOYO,PIMOCHA,299,157,456,""331,031"",""316,925"",""647,956"""
"LOS RIOS,BUENA FE,11 DE OCTUBRE,0,0,0,""331,031"",""316,925"",""647,956"""
"LOS RIOS,BUENA FE,7 DE AGOSTO,0,0,0,""331,031"",""316,925"",""647,956"""
"LOS RIOS,BUENA FE,PATRICIA PILAR,139,107,246,""331,031"",""316,925"",""647,956"""
"LOS RIOS,BUENA FE,SAN JACINTO DE BUENA FE,983,938,""1,921"",""331,031"",""316,925"",""647,956"""
"LOS RIOS,MOCACHE,MOCACHE,386,394,780,""331,031"",""316,925"",""647,956"""
"LOS RIOS,MONTALVO,MONTALVO,514,550,""1,064"",""331,031"",""316,925"",""647,956"""
"LOS RIOS,PALENQUE,PALENQUE,261,253,514,""331,031"",""316,925"",""647,956"""
"LOS RIOS,PUEBLOVIEJO,PUEBLOVIEJO,149,170,319,""331,031"",""316,925"",""647,956"""
"LOS RIOS,PUEBLOVIEJO,PUERTO PECHICHE,50,74,124,""331,031"",""316,925"",""647,956"""
"LOS RIOS,PUEBLOVIEJO,SAN JUAN,225,199,424,""331,031"",""316,925"",""647,956"""
"LOS RIOS,QUEVEDO,24 DE MAYO,""1,373"",252,""1,625"",""331,031"",""316,925"",""647,956"""
"LOS RIOS,QUEVEDO,GUAYACAN,841,992,""1,833"",""331,031"",""316,925"",""647,956"""
"LOS RIOS,QUEVEDO,LA ESPERANZA,39,40,79,""331,031"",""316,925"",""647,956"""
"LOS RIOS,QUEVEDO,NICOLAS INFANTE DIAZ,0,0,0,""331,031"",""316,925"",""647,956"""
"LOS RIOS,QUEVEDO,QUEVEDO,102,113,215,""331,031"",""316,925"",""647,956"""
"LOS RIOS,QUEVEDO,SAN CAMILO,""1,391"",""1,240"",""2,631"",""331,031"",""316,925"",""647,956"""
"LOS RIOS,QUEVEDO,SAN CARLOS,209,179,388,""331,031"",""316,925"",""647,956"""
"LOS RIOS,QUEVEDO,SAN CRISTOBAL,368,324,692,""331,031"",""316,925"",""647,956"""
"LOS RIOS,QUEVEDO,SAN JOSE,0,0,0,""331,031"",""316,925"",""647,956"""
"LOS RIOS,QUEVEDO,SIETE DE OCTUBRE,15,491,506,""331,031"",""316,925"",""647,956"""
"LOS RIOS,QUEVEDO,VENUS DEL RIO QUEVEDO,717,773,""1,490"",""331,031"",""316,925"",""647,956"""
"LOS RIOS,QUEVEDO,VIVA ALFARO,46,57,103,""331,031"",""316,925"",""647,956"""
"LOS RIOS,QUINSALOMA,QUINSALOMA,247,263,510,""331,031"",""316,925"",""647,956"""
"LOS RIOS,URDANETA,CATARAMA,426,319,745,""331,031"",""316,925"",""647,956"""
"LOS RIOS,URDANETA,RICAURTE,321,309,630,""331,031"",""316,925"",""647,956"""
"LOS RIOS,VALENCIA,VALENCIA,527,566,""1,093"",""331,031"",""316,925"",""647,956"""
"LOS RIOS,VENTANAS,VENTANAS,""1,424"",""1,300"",""2,724"",""331,031"",""316,925"",""647,956"""
"LOS RIOS,VENTANAS,ZAPOTAL,184,185,369,""331,031"",""316,925"",""647,956"""
"LOS RIOS,VINCES,ANTONIO SOTOMAYOR,114,128,242,""331,031"",""316,925"",""647,956"""
"LOS RIOS,VINCES,VINCES,""1,355"",""1,160"",""2,515"",""331,031"",""316,925"",""647,956"""
"MANABI,24 DE MAYO,ARQ. SIXTO DURAN BALLEN,37,67,104,""331,031"",""316,925"",""647,956"""
"MANABI,24 DE MAYO,BELLAVISTA,78,82,160,""331,031"",""316,925"",""647,956"""
"MANABI,24 DE MAYO,NOBOA,31,35,66,""331,031"",""316,925"",""647,956"""
"MANABI,24 DE MAYO,SUCRE,294,349,643,""331,031"",""316,925"",""647,956"""
"MANABI,BOLIVAR,CALCETA,813,795,""1,608"",""331,031"",""316,925"",""647,956"""
"MANABI,BOLIVAR,MEMBRILLO,18,23,41,""331,031"",""316,925"",""647,956"""
"MANABI,BOLIVAR,QUIROGA,50,51,101,""331,031"",""316,925"",""647,956"""
"MANABI,CHONE,BOYACA,44,56,100,""331,031"",""316,925"",""647,956"""
"MANABI,CHONE,CANUTO,120,167,287,""331,031"",""316,925"",""647,956"""
"MANABI,CHONE,CHIBUNGA,10,11,21,""331,031"",""316,925"",""647,956"""
"MANABI,CHONE,CHONE,""2,075"",""1,784"",""3,859"",""331,031"",""316,925"",""647,956"""
"MANABI,CHONE,CONVENTO,100,115,215,""331,031"",""316,925"",""647,956"""
"MANABI,CHONE,ELOY ALFARO,29,30,59,""331,031"",""316,925"",""647,956"""
"MANABI,CHONE,RICAURTE,45,63,108,""331,031"",""316,925"",""647,956"""
"MANABI,CHONE,SAN ANTONIO,126,147,273,""331,031"",""316,925"",""647,956"""
"MANABI,CHONE,SANTA RITA,142,259,401,""331,031"",""316,925"",""647,956"""
"MANABI,EL CARMEN,4 DE DICIEMBRE,284,300,584,""331,031"",""316,925"",""647,956"""
"MANABI,EL CARMEN,EL CARMEN,""1,419"",""1,152"",""2,571"",""331,031"",""316,925"",""647,956"""
"MANABI,EL CARMEN,SAN PEDRO DE SUMA,67,52,119,""331,031"",""316,925"",""647,956"""
"MANABI,EL CARMEN,WILFRIDO LOOR MOREIRA (MAICITO),0,0,0,""331,031"",""316,925"",""647,956"""
"MANABI,FLAVIO ALFARO,FLAVIO ALFARO,424,462,886,""331,031"",""316,925"",""647,956"""
"MANABI,FLAVIO ALFARO,SAN FRANCISCO DE NOVILLO,13,20,33,""331,031"",""316,925"",""647,956"""
"MANABI,FLAVIO ALFARO,ZAPALLO,18,14,32,""331,031"",""316,925"",""647,956"""
"MANABI,JAMA,JAMA,251,261,512,""331,031"",""316,925"",""647,956"""
"MANABI,JARAMIJO,JARAMIJO,208,306,514,""331,031"",""316,925"",""647,956"""
"MANABI,JIPIJAPA,AMERICA,16,35,51,""331,031"",""316,925"",""647,956"""
"MANABI,JIPIJAPA,DR. MIGUEL MORAN LUCIO,26,28,54,""331,031"",""316,925"",""647,956"""
"MANABI,JIPIJAPA,EL ANEGADO,25,20,45,""331,031"",""316,925"",""647,956"""
"MANABI,JIPIJAPA,JIPIJAPA,""1,074"",775,""1,849"",""331,031"",""316,925"",""647,956"""
"MANABI,JIPIJAPA,JULCUY,3,7,10,""331,031"",""316,925"",""647,956"""
"MANABI,JIPIJAPA,LA UNION,0,0,0,""331,031"",""316,925"",""647,956"""
"MANABI,JIPIJAPA,MANUEL INOCENCIO PARRALES Y GUALE,170,415,585,""331,031"",""316,925"",""647,956"""
"MANABI,JIPIJAPA,MEMBRILLAL,12,28,40,""331,031"",""316,925"",""647,956"""
"MANABI,JIPIJAPA,PEDRO PABLO GOMEZ,24,28,52,""331,031"",""316,925"",""647,956"""
"MANABI,JIPIJAPA,PUERTO DE CAYO,48,48,96,""331,031"",""316,925"",""647,956"""
"MANABI,JIPIJAPA,SAN LORENZO DE JIPIJAPA,60,62,122,""331,031"",""316,925"",""647,956"""
"MANABI,JUNIN,JUNIN,330,320,650,""331,031"",""316,925"",""647,956"""
"MANABI,MANTA,ELOY ALFARO,277,261,538,""331,031"",""316,925"",""647,956"""
"MANABI,MANTA,LOS ESTEROS,674,799,""1,473"",""331,031"",""316,925"",""647,956"""
"MANABI,MANTA,MANTA,""3,399"",""3,435"",""6,834"",""331,031"",""316,925"",""647,956"""
"MANABI,MANTA,SAN LORENZO,40,57,97,""331,031"",""316,925"",""647,956"""
"MANABI,MANTA,SAN MATEO,46,34,80,""331,031"",""316,925"",""647,956"""
"MANABI,MANTA,SANTA MARIANITA (BOCA DE PACOCHE),17,16,33,""331,031"",""316,925"",""647,956"""
"MANABI,MANTA,TARQUI,""1,901"",""1,246"",""3,147"",""331,031"",""316,925"",""647,956"""
"MANABI,MONTECRISTI,ANIBAL SAN ANDRES,62,71,133,""331,031"",""316,925"",""647,956"""
"MANABI,MONTECRISTI,LA PILA,47,77,124,""331,031"",""316,925"",""647,956"""
"MANABI,MONTECRISTI,MONTECRISTI,600,623,""1,223"",""331,031"",""316,925"",""647,956"""
"MANABI,OLMEDO,OLMEDO,140,171,311,""331,031"",""316,925"",""647,956"""
"MANABI,PAJAN,CAMPOZANO (LA PALMA DE PAJAN),15,26,41,""331,031"",""316,925"",""647,956"""
"MANABI,PAJAN,CASCOL,18,30,48,""331,031"",""316,925"",""647,956"""
"MANABI,PAJAN,GUALE,31,34,65,""331,031"",""316,925"",""647,956"""
"MANABI,PAJAN,LASCANO,28,42,70,""331,031"",""316,925"",""647,956"""
"MANABI,PAJAN,PAJAN,340,328,668,""331,031"",""316,925"",""647,956"""
"MANABI,PEDERNALES,10 DE AGOSTO,26,36,62,""331,031"",""316,925"",""647,956"""
"MANABI,PEDERNALES,ATAHUALPA,26,25,51,""331,031"",""316,925"",""647,956"""
"MANABI,PEDERNALES,COJIMIES,34,48,82,""331,031"",""316,925"",""647,956"""
"MANABI,PEDERNALES,PEDERNALES,692,620,""1,312"",""331,031"",""316,925"",""647,956"""
"MANABI,PICHINCHA,BARRAGANETE,26,29,55,""331,031"",""316,925"",""647,956"""
"MANABI,PICHINCHA,PICHINCHA,305,252,557,""331,031"",""316,925"",""647,956"""
"MANABI,PICHINCHA,SAN SEBASTIAN,104,110,214,""331,031"",""316,925"",""647,956"""
"MANABI,PORTOVIEJO,12 DE MARZO,83,129,212,""331,031"",""316,925"",""647,956"""
"MANABI,PORTOVIEJO,18 DE OCTUBRE,0,0,0,""331,031"",""316,925"",""647,956"""
"MANABI,PORTOVIEJO,ABDON CALDERON (SAN FRANCISCO),292,324,616,""331,031"",""316,925"",""647,956"""
"MANABI,PORTOVIEJO,ALHAJUELA (BAJO GRANDE),33,37,70,""331,031"",""316,925"",""647,956"""
"MANABI,PORTOVIEJO,ANDRES DE VERA,216,335,551,""331,031"",""316,925"",""647,956"""
"MANABI,PORTOVIEJO,CHIRIJOS,22,21,43,""331,031"",""316,925"",""647,956"""
"MANABI,PORTOVIEJO,COLON,""2,835"",""1,628"",""4,463"",""331,031"",""316,925"",""647,956"""
"MANABI,PORTOVIEJO,CRUCITA,195,242,437,""331,031"",""316,925"",""647,956"""
"MANABI,PORTOVIEJO,FRANCISCO PACHECO,426,378,804,""331,031"",""316,925"",""647,956"""
"MANABI,PORTOVIEJO,PICOAZA,153,169,322,""331,031"",""316,925"",""647,956"""
"MANABI,PORTOVIEJO,PORTOVIEJO,47,68,115,""331,031"",""316,925"",""647,956"""
"MANABI,PORTOVIEJO,PUEBLO NUEVO,38,46,84,""331,031"",""316,925"",""647,956"""
"MANABI,PORTOVIEJO,RIOCHICO (RIO CHICO),268,299,567,""331,031"",""316,925"",""647,956"""
"MANABI,PORTOVIEJO,SAN PABLO,""2,434"",""2,851"",""5,285"",""331,031"",""316,925"",""647,956"""
"MANABI,PORTOVIEJO,SAN PLACIDO,95,97,192,""331,031"",""316,925"",""647,956"""
"MANABI,PORTOVIEJO,SIMON BOLIVAR,32,24,56,""331,031"",""316,925"",""647,956"""
"MANABI,PUERTO LOPEZ,MACHALILLA,61,60,121,""331,031"",""316,925"",""647,956"""
"MANABI,PUERTO LOPEZ,PUERTO LOPEZ,207,211,418,""331,031"",""316,925"",""647,956"""
"MANABI,PUERTO LOPEZ,SALANGO,45,64,109,""331,031"",""316,925"",""647,956"""
"MANABI,ROCAFUERTE,ROCAFUERTE,578,612,""1,190"",""331,031"",""316,925"",""647,956"""
"MANABI,SAN VICENTE,CANOA,23,20,43,""331,031"",""316,925"",""647,956"""
"MANABI,SAN VICENTE,SAN VICENTE,329,267,596,""331,031"",""316,925"",""647,956"""
"MANABI,SANTA ANA,AYACUCHO,93,78,171,""331,031"",""316,925"",""647,956"""
"MANABI,SANTA ANA,HONORATO VASQUEZ,67,52,119,""331,031"",""316,925"",""647,956"""
"MANABI,SANTA ANA,LA UNION,75,54,129,""331,031"",""316,925"",""647,956"""
"MANABI,SANTA ANA,LODANA,57,33,90,""331,031"",""316,925"",""647,956"""
"MANABI,SANTA ANA,SAN PABLO,68,74,142,""331,031"",""316,925"",""647,956"""
"MANABI,SANTA ANA,SANTA ANA,431,323,754,""331,031"",""316,925"",""647,956"""
"MANABI,SANTA ANA,SANTA ANA DE VUELTA LARGA,139,236,375,""331,031"",""316,925"",""647,956"""
"MANABI,SUCRE,BAHIA DE CARAQUEZ,728,677,""1,405"",""331,031"",""316,925"",""647,956"""
"MANABI,SUCRE,CHARAPOTO,261,261,522,""331,031"",""316,925"",""647,956"""
"MANABI,SUCRE,LEONIDAS PLAZA GUTIERREZ,92,125,217,""331,031"",""316,925"",""647,956"""
"MANABI,SUCRE,SAN ISIDRO,136,139,275,""331,031"",""316,925"",""647,956"""
"MANABI,TOSAGUA,ANGEL PEDRO GILER (LA ESTANCILLA),17,48,65,""331,031"",""316,925"",""647,956"""
"MANABI,TOSAGUA,BACHILLERO,56,76,132,""331,031"",""316,925"",""647,956"""
"MANABI,TOSAGUA,TOSAGUA,542,616,""1,158"",""331,031"",""316,925"",""647,956"""
"MORONA SANTIAGO,GUALAQUIZA,AMAZONAS (ROSARIO DE CUYES),0,0,0,""331,031"",""316,925"",""647,956"""
"MORONA SANTIAGO,GUALAQUIZA,BERMEJOS,0,0,0,""331,031"",""316,925"",""647,956"""
"MORONA SANTIAGO,GUALAQUIZA,BOMBOIZA,52,52,104,""331,031"",""316,925"",""647,956"""
"MORONA SANTIAGO,GUALAQUIZA,CHIG㏏NDA,14,16,30,""331,031"",""316,925"",""647,956"""
"MORONA SANTIAGO,GUALAQUIZA,EL IDEAL,0,0,0,""331,031"",""316,925"",""647,956"""
"MORONA SANTIAGO,GUALAQUIZA,EL ROSARIO,0,0,0,""331,031"",""316,925"",""647,956"""
"MORONA SANTIAGO,GUALAQUIZA,GUALAQUIZA,330,300,630,""331,031"",""316,925"",""647,956"""
"MORONA SANTIAGO,GUALAQUIZA,MERCEDES MOLINA,0,0,0,""331,031"",""316,925"",""647,956"""
"MORONA SANTIAGO,GUALAQUIZA,NUEVA TARQUI,8,6,14,""331,031"",""316,925"",""647,956"""
"MORONA SANTIAGO,GUALAQUIZA,SAN MIGUEL DE CUYES,0,0,0,""331,031"",""316,925"",""647,956"""
"MORONA SANTIAGO,HUAMBOYA,CHIGUAZA,23,49,72,""331,031"",""316,925"",""647,956"""
"MORONA SANTIAGO,HUAMBOYA,HUAMBOYA,48,73,121,""331,031"",""316,925"",""647,956"""
"MORONA SANTIAGO,LIMON INDANZA,GENERAL LEONIDAS PLAZA GUTIERREZ (LIMON),188,189,377,""331,031"",""316,925"",""647,956"""
"MORONA SANTIAGO,LIMON INDANZA,INDANZA,22,27,49,""331,031"",""316,925"",""647,956"""
"MORONA SANTIAGO,LIMON INDANZA,SAN ANTONIO,3,15,18,""331,031"",""316,925"",""647,956"""
"MORONA SANTIAGO,LIMON INDANZA,SAN MIGUEL DE CONCHAY,0,0,0,""331,031"",""316,925"",""647,956"""
"MORONA SANTIAGO,LIMON INDANZA,SANTA SUSANA DE CHIVIAZA,0,0,0,""331,031"",""316,925"",""647,956"""
"MORONA SANTIAGO,LIMON INDANZA,YUNGANZA,0,0,0,""331,031"",""316,925"",""647,956"""
"MORONA SANTIAGO,LOGRO헲,LOGRO헲,59,61,120,""331,031"",""316,925"",""647,956"""
"MORONA SANTIAGO,LOGRO헲,SHIMPIS,0,0,0,""331,031"",""316,925"",""647,956"""
"MORONA SANTIAGO,LOGRO헲,YAUPI,10,35,45,""331,031"",""316,925"",""647,956"""
"MORONA SANTIAGO,MORONA,ALSHI,0,0,0,""331,031"",""316,925"",""647,956"""
"MORONA SANTIAGO,MORONA,CUCHAENTZA,0,0,0,""331,031"",""316,925"",""647,956"""
"MORONA SANTIAGO,MORONA,GENERAL PROA헲,0,0,0,""331,031"",""316,925"",""647,956"""
"MORONA SANTIAGO,MORONA,MACAS,808,813,""1,621"",""331,031"",""316,925"",""647,956"""
"MORONA SANTIAGO,MORONA,RIO BLANCO,0,0,0,""331,031"",""316,925"",""647,956"""
"MORONA SANTIAGO,MORONA,SAN ISIDRO,55,48,103,""331,031"",""316,925"",""647,956"""
"MORONA SANTIAGO,MORONA,SEVILLA DON BOSCO,34,61,95,""331,031"",""316,925"",""647,956"""
"MORONA SANTIAGO,MORONA,SINAI,0,0,0,""331,031"",""316,925"",""647,956"""
"MORONA SANTIAGO,MORONA,ZU헤 (ZU헤C),0,0,0,""331,031"",""316,925"",""647,956"""
"MORONA SANTIAGO,PABLO SEXTO,PABLO VI,30,33,63,""331,031"",""316,925"",""647,956"""
"MORONA SANTIAGO,PALORA,16 DE AGOSTO,0,0,0,""331,031"",""316,925"",""647,956"""
"MORONA SANTIAGO,PALORA,ARAPICOS,0,0,0,""331,031"",""316,925"",""647,956"""
"MORONA SANTIAGO,PALORA,CUMANDA,0,0,0,""331,031"",""316,925"",""647,956"""
"MORONA SANTIAGO,PALORA,PALORA (METZERA),165,171,336,""331,031"",""316,925"",""647,956"""
"MORONA SANTIAGO,PALORA,SANGAY,0,0,0,""331,031"",""316,925"",""647,956"""
"MORONA SANTIAGO,SAN JUAN BOSCO,PAN DE AZUCAR,0,0,0,""331,031"",""316,925"",""647,956"""
"MORONA SANTIAGO,SAN JUAN BOSCO,SAN CARLOS DE LIMON,0,0,0,""331,031"",""316,925"",""647,956"""
"MORONA SANTIAGO,SAN JUAN BOSCO,SAN JACINTO DE WAKAMBEIS,0,0,0,""331,031"",""316,925"",""647,956"""
"MORONA SANTIAGO,SAN JUAN BOSCO,SAN JUAN BOSCO,56,46,102,""331,031"",""316,925"",""647,956"""
"MORONA SANTIAGO,SAN JUAN BOSCO,SANTIAGO DE PANANZA,0,0,0,""331,031"",""316,925"",""647,956"""
"MORONA SANTIAGO,SANTIAGO,CHUPIANZA,0,0,0,""331,031"",""316,925"",""647,956"""
"MORONA SANTIAGO,SANTIAGO,COPAL,0,0,0,""331,031"",""316,925"",""647,956"""
"MORONA SANTIAGO,SANTIAGO,PATUCA,0,0,0,""331,031"",""316,925"",""647,956"""
"MORONA SANTIAGO,SANTIAGO,SAN FRANCISCO DE CHINIMBIMI,0,0,0,""331,031"",""316,925"",""647,956"""
"MORONA SANTIAGO,SANTIAGO,SAN LUIS DE EL ACHO,0,0,0,""331,031"",""316,925"",""647,956"""
"MORONA SANTIAGO,SANTIAGO,SANTIAGO DE MENDEZ,150,142,292,""331,031"",""316,925"",""647,956"""
"MORONA SANTIAGO,SANTIAGO,TAYUZA,27,23,50,""331,031"",""316,925"",""647,956"""
"MORONA SANTIAGO,SUCUA,ASUNCION,0,0,0,""331,031"",""316,925"",""647,956"""
"MORONA SANTIAGO,SUCUA,HUAMBI,34,44,78,""331,031"",""316,925"",""647,956"""
"MORONA SANTIAGO,SUCUA,SANTA MARIANITA DE JESUS,0,0,0,""331,031"",""316,925"",""647,956"""
"MORONA SANTIAGO,SUCUA,SUCUA,771,""1,033"",""1,804"",""331,031"",""316,925"",""647,956"""
"MORONA SANTIAGO,TAISHA,HUASAGA,79,153,232,""331,031"",""316,925"",""647,956"""
"MORONA SANTIAGO,TAISHA,MACUMA,46,100,146,""331,031"",""316,925"",""647,956"""
"MORONA SANTIAGO,TAISHA,TAISHA,33,58,91,""331,031"",""316,925"",""647,956"""
"MORONA SANTIAGO,TAISHA,TUUTINENTZA,0,0,0,""331,031"",""316,925"",""647,956"""
"MORONA SANTIAGO,TIWINTZA,SAN JOSE MORONA,10,16,26,""331,031"",""316,925"",""647,956"""
"MORONA SANTIAGO,TIWINTZA,SANTIAGO,31,47,78,""331,031"",""316,925"",""647,956"""
"NAPO,ARCHIDONA,ARCHIDONA,454,367,821,""331,031"",""316,925"",""647,956"""
"NAPO,ARCHIDONA,COTUNDO,195,221,416,""331,031"",""316,925"",""647,956"""
"NAPO,ARCHIDONA,SAN PABLO DE USHPAYACU,54,72,126,""331,031"",""316,925"",""647,956"""
"NAPO,CARLOS JULIO AROSEMENA TOLA,CARLOS JULIO AROSEMENA TOLA,49,56,105,""331,031"",""316,925"",""647,956"""
"NAPO,EL CHACO,EL CHACO,135,132,267,""331,031"",""316,925"",""647,956"""
"NAPO,EL CHACO,GONZALO DIAZ DE PINEDA (EL BOMBON),0,0,0,""331,031"",""316,925"",""647,956"""
"NAPO,EL CHACO,LINARES,0,0,0,""331,031"",""316,925"",""647,956"""
"NAPO,EL CHACO,OYACACHI,0,0,0,""331,031"",""316,925"",""647,956"""
"NAPO,EL CHACO,SANTA ROSA,0,0,0,""331,031"",""316,925"",""647,956"""
"NAPO,EL CHACO,SARDINAS,0,0,0,""331,031"",""316,925"",""647,956"""
"NAPO,QUIJOS,BAEZA,40,39,79,""331,031"",""316,925"",""647,956"""
"NAPO,QUIJOS,COSANGA,0,0,0,""331,031"",""316,925"",""647,956"""
"NAPO,QUIJOS,CUYUJA,0,0,0,""331,031"",""316,925"",""647,956"""
"NAPO,QUIJOS,PAPALLACTA,0,0,0,""331,031"",""316,925"",""647,956"""
"NAPO,QUIJOS,SAN FRANCISCO DE BORJA (VIRGILIO DAVILA),177,176,353,""331,031"",""316,925"",""647,956"""
"NAPO,QUIJOS,SUMACO,0,0,0,""331,031"",""316,925"",""647,956"""
"NAPO,TENA,AHUANO,48,70,118,""331,031"",""316,925"",""647,956"""
"NAPO,TENA,CHONTAPUNTA,73,136,209,""331,031"",""316,925"",""647,956"""
"NAPO,TENA,PANO,84,91,175,""331,031"",""316,925"",""647,956"""
"NAPO,TENA,PUERTO MISAHUALLI,24,33,57,""331,031"",""316,925"",""647,956"""
"NAPO,TENA,PUERTO NAPO,81,80,161,""331,031"",""316,925"",""647,956"""
"NAPO,TENA,TALAG,61,74,135,""331,031"",""316,925"",""647,956"""
"NAPO,TENA,TENA,""1,239"",""1,141"",""2,380"",""331,031"",""316,925"",""647,956"""
"ORELLANA,AGUARICO,CAPITAN AUGUSTO RIVADENEYRA,0,0,0,""331,031"",""316,925"",""647,956"""
"ORELLANA,AGUARICO,CONONACO,0,0,0,""331,031"",""316,925"",""647,956"""
"ORELLANA,AGUARICO,NUEVO ROCAFUERTE,15,23,38,""331,031"",""316,925"",""647,956"""
"ORELLANA,AGUARICO,SANTA MARIA DE HUIRIRIMA,0,0,0,""331,031"",""316,925"",""647,956"""
"ORELLANA,AGUARICO,TIPUTINI,18,23,41,""331,031"",""316,925"",""647,956"""
"ORELLANA,AGUARICO,YASUNI,0,0,0,""331,031"",""316,925"",""647,956"""
"ORELLANA,LA JOYA DE LOS SACHAS,ENOKANQUI,0,0,0,""331,031"",""316,925"",""647,956"""
"ORELLANA,LA JOYA DE LOS SACHAS,LA JOYA DE LOS SACHAS,692,618,""1,310"",""331,031"",""316,925"",""647,956"""
"ORELLANA,LA JOYA DE LOS SACHAS,LAGO SAN PEDRO,18,17,35,""331,031"",""316,925"",""647,956"""
"ORELLANA,LA JOYA DE LOS SACHAS,POMPEYA,0,0,0,""331,031"",""316,925"",""647,956"""
"ORELLANA,LA JOYA DE LOS SACHAS,RUMIPAMBA,0,0,0,""331,031"",""316,925"",""647,956"""
"ORELLANA,LA JOYA DE LOS SACHAS,SAN CARLOS,47,51,98,""331,031"",""316,925"",""647,956"""
"ORELLANA,LA JOYA DE LOS SACHAS,SAN SEBASTIAN DEL COCA,71,45,116,""331,031"",""316,925"",""647,956"""
"ORELLANA,LA JOYA DE LOS SACHAS,TRES DE NOVIEMBRE,39,30,69,""331,031"",""316,925"",""647,956"""
"ORELLANA,LA JOYA DE LOS SACHAS,UNION MILAGRE헤,0,0,0,""331,031"",""316,925"",""647,956"""
"ORELLANA,LORETO,AVILA,0,0,0,""331,031"",""316,925"",""647,956"""
"ORELLANA,LORETO,LORETO,258,217,475,""331,031"",""316,925"",""647,956"""
"ORELLANA,LORETO,PUERTO MURIALDO,0,0,0,""331,031"",""316,925"",""647,956"""
"ORELLANA,LORETO,SAN JOSE DE DAHUANO,15,42,57,""331,031"",""316,925"",""647,956"""
"ORELLANA,LORETO,SAN JOSE DE PAYAMINO,63,204,267,""331,031"",""316,925"",""647,956"""
"ORELLANA,LORETO,SAN VICENTE DE HUATICOCHA,9,12,21,""331,031"",""316,925"",""647,956"""
"ORELLANA,ORELLANA,ALEJANDRO LABACA,14,16,30,""331,031"",""316,925"",""647,956"""
"ORELLANA,ORELLANA,DAYUMA,36,25,61,""331,031"",""316,925"",""647,956"""
"ORELLANA,ORELLANA,EL DORADO,0,0,0,""331,031"",""316,925"",""647,956"""
"ORELLANA,ORELLANA,EL EDEN,10,12,22,""331,031"",""316,925"",""647,956"""
"ORELLANA,ORELLANA,GARCIA MORENO,0,0,0,""331,031"",""316,925"",""647,956"""
"ORELLANA,ORELLANA,INES NARANJO,24,30,54,""331,031"",""316,925"",""647,956"""
"ORELLANA,ORELLANA,LA BELLEZA,10,18,28,""331,031"",""316,925"",""647,956"""
"ORELLANA,ORELLANA,NUEVO PARAISO,0,0,0,""331,031"",""316,925"",""647,956"""
"ORELLANA,ORELLANA,PUERTO FRANCISCO DE ORELLANA (COCA),""1,037"",935,""1,972"",""331,031"",""316,925"",""647,956"""
"ORELLANA,ORELLANA,SAN JOSE DE GUAYUSA,0,0,0,""331,031"",""316,925"",""647,956"""
"ORELLANA,ORELLANA,SAN LUIS DE ARMENIA,30,30,60,""331,031"",""316,925"",""647,956"""
"ORELLANA,ORELLANA,TARACOA,34,25,59,""331,031"",""316,925"",""647,956"""
"PASTAZA,ARAJUNO,ARAJUNO,80,76,156,""331,031"",""316,925"",""647,956"""
"PASTAZA,ARAJUNO,CURARAY,8,31,39,""331,031"",""316,925"",""647,956"""
"PASTAZA,MERA,MADRE TIERRA,2,12,14,""331,031"",""316,925"",""647,956"""
"PASTAZA,MERA,MERA,48,86,134,""331,031"",""316,925"",""647,956"""
"PASTAZA,MERA,SHELL,158,174,332,""331,031"",""316,925"",""647,956"""
"PASTAZA,PASTAZA,CANELOS,16,29,45,""331,031"",""316,925"",""647,956"""
"PASTAZA,PASTAZA,DIEZ DE AGOSTO,0,0,0,""331,031"",""316,925"",""647,956"""
"PASTAZA,PASTAZA,EL TRIUNFO,0,0,0,""331,031"",""316,925"",""647,956"""
"PASTAZA,PASTAZA,FATIMA,0,0,0,""331,031"",""316,925"",""647,956"""
"PASTAZA,PASTAZA,MONTALVO (ANDOAS),16,38,54,""331,031"",""316,925"",""647,956"""
"PASTAZA,PASTAZA,POMONA,0,0,0,""331,031"",""316,925"",""647,956"""
"PASTAZA,PASTAZA,PUYO,""1,301"",""1,365"",""2,666"",""331,031"",""316,925"",""647,956"""
"PASTAZA,PASTAZA,RIO CORRIENTES,8,21,29,""331,031"",""316,925"",""647,956"""
"PASTAZA,PASTAZA,RIO TIGRE,0,0,0,""331,031"",""316,925"",""647,956"""
"PASTAZA,PASTAZA,SARAYACU,18,26,44,""331,031"",""316,925"",""647,956"""
"PASTAZA,PASTAZA,SIMON BOLIVAR,79,105,184,""331,031"",""316,925"",""647,956"""
"PASTAZA,PASTAZA,TARQUI,20,17,37,""331,031"",""316,925"",""647,956"""
"PASTAZA,PASTAZA,TENIENTE HUGO ORTIZ,0,0,0,""331,031"",""316,925"",""647,956"""
"PASTAZA,PASTAZA,VERACRUZ (INDILLAMA),94,34,128,""331,031"",""316,925"",""647,956"""
"PASTAZA,SANTA CLARA,SAN JOSE,0,0,0,""331,031"",""316,925"",""647,956"""
"PASTAZA,SANTA CLARA,SANTA CLARA,88,74,162,""331,031"",""316,925"",""647,956"""
"PICHINCHA,CAYAMBE,ASCAZUBI,114,172,286,""331,031"",""316,925"",""647,956"""
"PICHINCHA,CAYAMBE,AYORA,620,848,""1,468"",""331,031"",""316,925"",""647,956"""
"PICHINCHA,CAYAMBE,CANGAHUA,104,146,250,""331,031"",""316,925"",""647,956"""
"PICHINCHA,CAYAMBE,CAYAMBE,847,317,""1,164"",""331,031"",""316,925"",""647,956"""
"PICHINCHA,CAYAMBE,JUAN MONTALVO,129,223,352,""331,031"",""316,925"",""647,956"""
"PICHINCHA,CAYAMBE,OLMEDO (PESILLO),39,67,106,""331,031"",""316,925"",""647,956"""
"PICHINCHA,CAYAMBE,OTON,0,0,0,""331,031"",""316,925"",""647,956"""
"PICHINCHA,CAYAMBE,SANTA ROSA DE CUZUBAMBA,19,30,49,""331,031"",""316,925"",""647,956"""
"PICHINCHA,MEJIA,ALOAG,75,99,174,""331,031"",""316,925"",""647,956"""
"PICHINCHA,MEJIA,ALOASI,353,399,752,""331,031"",""316,925"",""647,956"""
"PICHINCHA,MEJIA,CUTUGLAHUA,85,127,212,""331,031"",""316,925"",""647,956"""
"PICHINCHA,MEJIA,EL CHAUPI,0,0,0,""331,031"",""316,925"",""647,956"""
"PICHINCHA,MEJIA,MACHACHI,548,469,""1,017"",""331,031"",""316,925"",""647,956"""
"PICHINCHA,MEJIA,MANUEL CORNEJO ASTORGA (TANDAPI),50,46,96,""331,031"",""316,925"",""647,956"""
"PICHINCHA,MEJIA,TAMBILLO,113,291,404,""331,031"",""316,925"",""647,956"""
"PICHINCHA,MEJIA,UYUMBICHO,200,135,335,""331,031"",""316,925"",""647,956"""
"PICHINCHA,PEDRO MONCAYO,LA ESPERANZA,0,0,0,""331,031"",""316,925"",""647,956"""
"PICHINCHA,PEDRO MONCAYO,MALCHINGUI,68,53,121,""331,031"",""316,925"",""647,956"""
"PICHINCHA,PEDRO MONCAYO,TABACUNDO,433,423,856,""331,031"",""316,925"",""647,956"""
"PICHINCHA,PEDRO MONCAYO,TOCACHI,0,0,0,""331,031"",""316,925"",""647,956"""
"PICHINCHA,PEDRO MONCAYO,TUPIGACHI,12,14,26,""331,031"",""316,925"",""647,956"""
"PICHINCHA,PEDRO VICENTE MALDONADO,PEDRO VICENTE MALDONADO,257,224,481,""331,031"",""316,925"",""647,956"""
"PICHINCHA,PUERTO QUITO,PUERTO QUITO,164,146,310,""331,031"",""316,925"",""647,956"""
"PICHINCHA,QUITO,ALANGASI,468,551,""1,019"",""331,031"",""316,925"",""647,956"""
"PICHINCHA,QUITO,AMAGUA헤,124,245,369,""331,031"",""316,925"",""647,956"""
"PICHINCHA,QUITO,ATAHUALPA (HABASPAMBA),43,42,85,""331,031"",""316,925"",""647,956"""
"PICHINCHA,QUITO,BELISARIO QUEVEDO,""3,129"",""1,848"",""4,977"",""331,031"",""316,925"",""647,956"""
"PICHINCHA,QUITO,CALACALI,71,62,133,""331,031"",""316,925"",""647,956"""
"PICHINCHA,QUITO,CALDERON (CARAPUNGO),""1,620"",""1,659"",""3,279"",""331,031"",""316,925"",""647,956"""
"PICHINCHA,QUITO,CARCELEN,919,598,""1,517"",""331,031"",""316,925"",""647,956"""
"PICHINCHA,QUITO,CENTRO HISTORICO,""4,241"",""2,448"",""6,689"",""331,031"",""316,925"",""647,956"""
"PICHINCHA,QUITO,CHAVEZPAMBA,0,0,0,""331,031"",""316,925"",""647,956"""
"PICHINCHA,QUITO,CHECA,71,47,118,""331,031"",""316,925"",""647,956"""
"PICHINCHA,QUITO,CHILIBULO,831,""1,217"",""2,048"",""331,031"",""316,925"",""647,956"""
"PICHINCHA,QUITO,CHILLOGALLO,""2,079"",""3,323"",""5,402"",""331,031"",""316,925"",""647,956"""
"PICHINCHA,QUITO,CHIMBACALLE,""2,440"",""2,247"",""4,687"",""331,031"",""316,925"",""647,956"""
"PICHINCHA,QUITO,COCHAPAMBA,431,671,""1,102"",""331,031"",""316,925"",""647,956"""
"PICHINCHA,QUITO,COMITE DEL PUEBLO,563,574,""1,137"",""331,031"",""316,925"",""647,956"""
"PICHINCHA,QUITO,CONOCOTO,""1,512"",""1,763"",""3,275"",""331,031"",""316,925"",""647,956"""
"PICHINCHA,QUITO,COTOCOLLAO,""1,383"",""1,188"",""2,571"",""331,031"",""316,925"",""647,956"""
"PICHINCHA,QUITO,CUMBAYA,856,""1,154"",""2,010"",""331,031"",""316,925"",""647,956"""
"PICHINCHA,QUITO,EL CONDADO,""1,593"",305,""1,898"",""331,031"",""316,925"",""647,956"""
"PICHINCHA,QUITO,EL QUINCHE,678,484,""1,162"",""331,031"",""316,925"",""647,956"""
"PICHINCHA,QUITO,GUALEA,6,7,13,""331,031"",""316,925"",""647,956"""
"PICHINCHA,QUITO,GUAMANI,469,511,980,""331,031"",""316,925"",""647,956"""
"PICHINCHA,QUITO,GUANGOPOLO,0,0,0,""331,031"",""316,925"",""647,956"""
"PICHINCHA,QUITO,GUAYLLABAMBA,321,341,662,""331,031"",""316,925"",""647,956"""
"PICHINCHA,QUITO,I헤QUITO,""4,002"",""2,352"",""6,354"",""331,031"",""316,925"",""647,956"""
"PICHINCHA,QUITO,ITCHIMBIA,""1,362"",738,""2,100"",""331,031"",""316,925"",""647,956"""
"PICHINCHA,QUITO,JIPIJAPA,807,""2,450"",""3,257"",""331,031"",""316,925"",""647,956"""
"PICHINCHA,QUITO,KENNEDY,""3,370"",""2,949"",""6,319"",""331,031"",""316,925"",""647,956"""
"PICHINCHA,QUITO,LA ARGELIA,318,286,604,""331,031"",""316,925"",""647,956"""
"PICHINCHA,QUITO,LA CONCEPCION,516,927,""1,443"",""331,031"",""316,925"",""647,956"""
"PICHINCHA,QUITO,LA ECUATORIANA,163,256,419,""331,031"",""316,925"",""647,956"""
"PICHINCHA,QUITO,LA FERROVIARIA,937,995,""1,932"",""331,031"",""316,925"",""647,956"""
"PICHINCHA,QUITO,LA LIBERTAD,0,0,0,""331,031"",""316,925"",""647,956"""
"PICHINCHA,QUITO,LA MAGDALENA,""1,895"",""2,712"",""4,607"",""331,031"",""316,925"",""647,956"""
"PICHINCHA,QUITO,LA MENA,125,170,295,""331,031"",""316,925"",""647,956"""
"PICHINCHA,QUITO,LA MERCED,0,0,0,""331,031"",""316,925"",""647,956"""
"PICHINCHA,QUITO,LLANO CHICO,44,123,167,""331,031"",""316,925"",""647,956"""
"PICHINCHA,QUITO,LLOA,0,0,0,""331,031"",""316,925"",""647,956"""
"PICHINCHA,QUITO,MARISCAL SUCRE,""2,425"",""1,252"",""3,677"",""331,031"",""316,925"",""647,956"""
"PICHINCHA,QUITO,NANEGAL,30,55,85,""331,031"",""316,925"",""647,956"""
"PICHINCHA,QUITO,NANEGALITO,98,86,184,""331,031"",""316,925"",""647,956"""
"PICHINCHA,QUITO,NAYON,78,90,168,""331,031"",""316,925"",""647,956"""
"PICHINCHA,QUITO,NONO,6,13,19,""331,031"",""316,925"",""647,956"""
"PICHINCHA,QUITO,PACTO,58,47,105,""331,031"",""316,925"",""647,956"""
"PICHINCHA,QUITO,PERUCHO,0,0,0,""331,031"",""316,925"",""647,956"""
"PICHINCHA,QUITO,PIFO,242,213,455,""331,031"",""316,925"",""647,956"""
"PICHINCHA,QUITO,PINTAG,245,254,499,""331,031"",""316,925"",""647,956"""
"PICHINCHA,QUITO,POMASQUI,513,630,""1,143"",""331,031"",""316,925"",""647,956"""
"PICHINCHA,QUITO,PONCEANO,836,898,""1,734"",""331,031"",""316,925"",""647,956"""
"PICHINCHA,QUITO,PUELLARO,123,159,282,""331,031"",""316,925"",""647,956"""
"PICHINCHA,QUITO,PUEMBO,184,160,344,""331,031"",""316,925"",""647,956"""
"PICHINCHA,QUITO,PUENGASI,151,124,275,""331,031"",""316,925"",""647,956"""
"PICHINCHA,QUITO,QUITUMBE,164,152,316,""331,031"",""316,925"",""647,956"""
"PICHINCHA,QUITO,RUMIPAMBA,811,""1,682"",""2,493"",""331,031"",""316,925"",""647,956"""
"PICHINCHA,QUITO,SAN ANTONIO,470,542,""1,012"",""331,031"",""316,925"",""647,956"""
"PICHINCHA,QUITO,SAN BARTOLO,""3,307"",""2,364"",""5,671"",""331,031"",""316,925"",""647,956"""
"PICHINCHA,QUITO,SAN ISIDRO DEL INCA,""1,435"",""1,391"",""2,826"",""331,031"",""316,925"",""647,956"""
"PICHINCHA,QUITO,SAN JOSE DE MINAS,111,70,181,""331,031"",""316,925"",""647,956"""
"PICHINCHA,QUITO,SAN JUAN,""2,825"",""4,759"",""7,584"",""331,031"",""316,925"",""647,956"""
"PICHINCHA,QUITO,SOLANDA,""1,313"",""1,117"",""2,430"",""331,031"",""316,925"",""647,956"""
"PICHINCHA,QUITO,TABABELA,120,105,225,""331,031"",""316,925"",""647,956"""
"PICHINCHA,QUITO,TUMBACO,914,819,""1,733"",""331,031"",""316,925"",""647,956"""
"PICHINCHA,QUITO,TURUBAMBA,519,624,""1,143"",""331,031"",""316,925"",""647,956"""
"PICHINCHA,QUITO,YARUQUI,250,349,599,""331,031"",""316,925"",""647,956"""
"PICHINCHA,QUITO,ZAMBIZA,44,40,84,""331,031"",""316,925"",""647,956"""
"PICHINCHA,RUMI헤HUI,COTOGCHOA,0,0,0,""331,031"",""316,925"",""647,956"""
"PICHINCHA,RUMI헤HUI,RUMIPAMBA,0,0,0,""331,031"",""316,925"",""647,956"""
"PICHINCHA,RUMI헤HUI,SAN PEDRO DE TABOADA,27,21,48,""331,031"",""316,925"",""647,956"""
"PICHINCHA,RUMI헤HUI,SAN RAFAEL,709,380,""1,089"",""331,031"",""316,925"",""647,956"""
"PICHINCHA,RUMI헤HUI,SANGOLQUI,""1,785"",""2,136"",""3,921"",""331,031"",""316,925"",""647,956"""
"PICHINCHA,SAN MIGUEL DE LOS BANCOS,MINDO,110,60,170,""331,031"",""316,925"",""647,956"""
"PICHINCHA,SAN MIGUEL DE LOS BANCOS,SAN MIGUEL DE LOS BANCOS,165,181,346,""331,031"",""316,925"",""647,956"""
"SANTA ELENA,LA LIBERTAD,LA LIBERTAD,""1,926"",""1,966"",""3,892"",""331,031"",""316,925"",""647,956"""
"SANTA ELENA,SALINAS,ANCONCITO,80,76,156,""331,031"",""316,925"",""647,956"""
"SANTA ELENA,SALINAS,CARLOS ESPINOZA LARREA,151,151,302,""331,031"",""316,925"",""647,956"""
"SANTA ELENA,SALINAS,JOSE LUIS TAMAYO (MUEY),969,""1,023"",""1,992"",""331,031"",""316,925"",""647,956"""
"SANTA ELENA,SALINAS,SALINAS,414,491,905,""331,031"",""316,925"",""647,956"""
"SANTA ELENA,SALINAS,SANTA ROSA,149,179,328,""331,031"",""316,925"",""647,956"""
"SANTA ELENA,SANTA ELENA,ATAHUALPA,29,29,58,""331,031"",""316,925"",""647,956"""
"SANTA ELENA,SANTA ELENA,BALLENITA,166,66,232,""331,031"",""316,925"",""647,956"""
"SANTA ELENA,SANTA ELENA,CHANDUY,83,117,200,""331,031"",""316,925"",""647,956"""
"SANTA ELENA,SANTA ELENA,COLONCHE,105,109,214,""331,031"",""316,925"",""647,956"""
"SANTA ELENA,SANTA ELENA,MANGLARALTO,514,534,""1,048"",""331,031"",""316,925"",""647,956"""
"SANTA ELENA,SANTA ELENA,SAN JOSE DE ANCON,256,374,630,""331,031"",""316,925"",""647,956"""
"SANTA ELENA,SANTA ELENA,SANTA ELENA,848,""1,069"",""1,917"",""331,031"",""316,925"",""647,956"""
"SANTA ELENA,SANTA ELENA,SIMON BOLIVAR (JULIO MORENO),36,61,97,""331,031"",""316,925"",""647,956"""
"SANTO DOMINGO DE LOS TSACHILAS,SANTO DOMINGO DE LOS TSACHILAS,ABRAHAM CALAZACON,""1,057"",""1,040"",""2,097"",""331,031"",""316,925"",""647,956"""
"SANTO DOMINGO DE LOS TSACHILAS,SANTO DOMINGO DE LOS TSACHILAS,ALLURIQUIN,81,75,156,""331,031"",""316,925"",""647,956"""
"SANTO DOMINGO DE LOS TSACHILAS,SANTO DOMINGO DE LOS TSACHILAS,BOMBOLI,""2,384"",""1,499"",""3,883"",""331,031"",""316,925"",""647,956"""
"SANTO DOMINGO DE LOS TSACHILAS,SANTO DOMINGO DE LOS TSACHILAS,CHIGUILPE,495,593,""1,088"",""331,031"",""316,925"",""647,956"""
"SANTO DOMINGO DE LOS TSACHILAS,SANTO DOMINGO DE LOS TSACHILAS,EL ESFUERZO,62,55,117,""331,031"",""316,925"",""647,956"""
"SANTO DOMINGO DE LOS TSACHILAS,SANTO DOMINGO DE LOS TSACHILAS,LUZ DE AMERICA,212,234,446,""331,031"",""316,925"",""647,956"""
"SANTO DOMINGO DE LOS TSACHILAS,SANTO DOMINGO DE LOS TSACHILAS,PUERTO LIMON,172,130,302,""331,031"",""316,925"",""647,956"""
"SANTO DOMINGO DE LOS TSACHILAS,SANTO DOMINGO DE LOS TSACHILAS,RIO TOACHI,131,132,263,""331,031"",""316,925"",""647,956"""
"SANTO DOMINGO DE LOS TSACHILAS,SANTO DOMINGO DE LOS TSACHILAS,RIO VERDE,""1,334"",""1,162"",""2,496"",""331,031"",""316,925"",""647,956"""
"SANTO DOMINGO DE LOS TSACHILAS,SANTO DOMINGO DE LOS TSACHILAS,SAN JACINTO DE BUA,83,74,157,""331,031"",""316,925"",""647,956"""
"SANTO DOMINGO DE LOS TSACHILAS,SANTO DOMINGO DE LOS TSACHILAS,SANTA MARIA DEL TOACHI,80,90,170,""331,031"",""316,925"",""647,956"""
"SANTO DOMINGO DE LOS TSACHILAS,SANTO DOMINGO DE LOS TSACHILAS,SANTO DOMINGO DE LOS COLORADOS,""2,394"",""1,997"",""4,391"",""331,031"",""316,925"",""647,956"""
"SANTO DOMINGO DE LOS TSACHILAS,SANTO DOMINGO DE LOS TSACHILAS,VALLE HERMOSO,92,67,159,""331,031"",""316,925"",""647,956"""
"SANTO DOMINGO DE LOS TSACHILAS,SANTO DOMINGO DE LOS TSACHILAS,ZARACAY,120,121,241,""331,031"",""316,925"",""647,956"""
"SUCUMBIOS,CASCALES,EL DORADO DE CASCALES,121,56,177,""331,031"",""316,925"",""647,956"""
"SUCUMBIOS,CASCALES,SANTA ROSA DE SUCUMBIOS,13,22,35,""331,031"",""316,925"",""647,956"""
"SUCUMBIOS,CASCALES,SEVILLA,43,54,97,""331,031"",""316,925"",""647,956"""
"SUCUMBIOS,CUYABENO,AGUAS NEGRAS,0,0,0,""331,031"",""316,925"",""647,956"""
"SUCUMBIOS,CUYABENO,CUYABENO,0,0,0,""331,031"",""316,925"",""647,956"""
"SUCUMBIOS,CUYABENO,TARAPOA,83,84,167,""331,031"",""316,925"",""647,956"""
"SUCUMBIOS,GONZALO PIZARRO,EL REVENTADOR,36,29,65,""331,031"",""316,925"",""647,956"""
"SUCUMBIOS,GONZALO PIZARRO,GONZALO PIZARRO,46,78,124,""331,031"",""316,925"",""647,956"""
"SUCUMBIOS,GONZALO PIZARRO,LUMBAQUI,141,168,309,""331,031"",""316,925"",""647,956"""
"SUCUMBIOS,GONZALO PIZARRO,PUERTO LIBRE,7,7,14,""331,031"",""316,925"",""647,956"""
"SUCUMBIOS,LAGO AGRIO,DURENO,74,61,135,""331,031"",""316,925"",""647,956"""
"SUCUMBIOS,LAGO AGRIO,EL ENO,120,77,197,""331,031"",""316,925"",""647,956"""
"SUCUMBIOS,LAGO AGRIO,GENERAL FARFAN,39,43,82,""331,031"",""316,925"",""647,956"""
"SUCUMBIOS,LAGO AGRIO,JAMBELI,49,50,99,""331,031"",""316,925"",""647,956"""
"SUCUMBIOS,LAGO AGRIO,NUEVA LOJA (LAGO AGRIO),""1,668"",""1,401"",""3,069"",""331,031"",""316,925"",""647,956"""
"SUCUMBIOS,LAGO AGRIO,PACAYACU,64,66,130,""331,031"",""316,925"",""647,956"""
"SUCUMBIOS,LAGO AGRIO,SANTA CECILIA,65,53,118,""331,031"",""316,925"",""647,956"""
"SUCUMBIOS,PUTUMAYO,PALMA ROJA,63,68,131,""331,031"",""316,925"",""647,956"""
"SUCUMBIOS,PUTUMAYO,PUERTO BOLIVAR (PUERTO MONTUFAR),0,0,0,""331,031"",""316,925"",""647,956"""
"SUCUMBIOS,PUTUMAYO,PUERTO EL CARMEN DE PUTUMAYO,57,51,108,""331,031"",""316,925"",""647,956"""
"SUCUMBIOS,PUTUMAYO,PUERTO RODRIGUEZ,0,0,0,""331,031"",""316,925"",""647,956"""
"SUCUMBIOS,PUTUMAYO,SANTA ELENA,0,0,0,""331,031"",""316,925"",""647,956"""
"SUCUMBIOS,SHUSHUFINDI,LIMONCOCHA,74,127,201,""331,031"",""316,925"",""647,956"""
"SUCUMBIOS,SHUSHUFINDI,PA헤COCHA,0,0,0,""331,031"",""316,925"",""647,956"""
"SUCUMBIOS,SHUSHUFINDI,SAN PEDRO DE LOS COFANES,143,88,231,""331,031"",""316,925"",""647,956"""
"SUCUMBIOS,SHUSHUFINDI,SAN ROQUE,22,19,41,""331,031"",""316,925"",""647,956"""
"SUCUMBIOS,SHUSHUFINDI,SHUSHUFINDI,423,432,855,""331,031"",""316,925"",""647,956"""
"SUCUMBIOS,SHUSHUFINDI,SIETE DE JULIO,0,0,0,""331,031"",""316,925"",""647,956"""
"SUCUMBIOS,SUCUMBIOS,EL PLAYON DE SAN FRANCISCO,36,42,78,""331,031"",""316,925"",""647,956"""
"SUCUMBIOS,SUCUMBIOS,LA BONITA,26,38,64,""331,031"",""316,925"",""647,956"""
"SUCUMBIOS,SUCUMBIOS,LA SOFIA,0,0,0,""331,031"",""316,925"",""647,956"""
"SUCUMBIOS,SUCUMBIOS,ROSA FLORIDA,0,0,0,""331,031"",""316,925"",""647,956"""
"SUCUMBIOS,SUCUMBIOS,SANTA BARBARA,27,32,59,""331,031"",""316,925"",""647,956"""
"TUNGURAHUA,AMBATO,AMBATILLO,0,0,0,""331,031"",""316,925"",""647,956"""
"TUNGURAHUA,AMBATO,ATAHUALPA (CHISALATA),24,613,637,""331,031"",""316,925"",""647,956"""
"TUNGURAHUA,AMBATO,ATOCHA (FICOA),960,""1,243"",""2,203"",""331,031"",""316,925"",""647,956"""
"TUNGURAHUA,AMBATO,AUGUSTO N. MARTINEZ (MUNDUGLEO),38,59,97,""331,031"",""316,925"",""647,956"""
"TUNGURAHUA,AMBATO,CELIANO MONGE,""1,807"",""1,337"",""3,144"",""331,031"",""316,925"",""647,956"""
"TUNGURAHUA,AMBATO,CONSTANTINO FERNANDEZ,0,0,0,""331,031"",""316,925"",""647,956"""
"TUNGURAHUA,AMBATO,CUNCHIBAMBA,22,22,44,""331,031"",""316,925"",""647,956"""
"TUNGURAHUA,AMBATO,HUACHI CHICO,224,277,501,""331,031"",""316,925"",""647,956"""
"TUNGURAHUA,AMBATO,HUACHI GRANDE,0,0,0,""331,031"",""316,925"",""647,956"""
"TUNGURAHUA,AMBATO,HUACHI LORETO,""1,549"",432,""1,981"",""331,031"",""316,925"",""647,956"""
"TUNGURAHUA,AMBATO,IZABAMBA,588,401,989,""331,031"",""316,925"",""647,956"""
"TUNGURAHUA,AMBATO,JUAN BENIGNO VELA,70,65,135,""331,031"",""316,925"",""647,956"""
"TUNGURAHUA,AMBATO,LA MERCED,""1,336"",178,""1,514"",""331,031"",""316,925"",""647,956"""
"TUNGURAHUA,AMBATO,LA PENINSULA,0,0,0,""331,031"",""316,925"",""647,956"""
"TUNGURAHUA,AMBATO,MATRIZ,""1,196"",606,""1,802"",""331,031"",""316,925"",""647,956"""
"TUNGURAHUA,AMBATO,MONTALVO,0,0,0,""331,031"",""316,925"",""647,956"""
"TUNGURAHUA,AMBATO,PASA,68,103,171,""331,031"",""316,925"",""647,956"""
"TUNGURAHUA,AMBATO,PICAIGUA,57,92,149,""331,031"",""316,925"",""647,956"""
"TUNGURAHUA,AMBATO,PILAG㏏N (PILAH㏏N),23,44,67,""331,031"",""316,925"",""647,956"""
"TUNGURAHUA,AMBATO,PISHILATA,25,685,710,""331,031"",""316,925"",""647,956"""
"TUNGURAHUA,AMBATO,QUISAPINCHA (QUIZAPINCHA),91,86,177,""331,031"",""316,925"",""647,956"""
"TUNGURAHUA,AMBATO,SAN BARTOLOME DE PINLLOG,0,0,0,""331,031"",""316,925"",""647,956"""
"TUNGURAHUA,AMBATO,SAN FERNANDO (PASA SAN FERNANDO),0,0,0,""331,031"",""316,925"",""647,956"""
"TUNGURAHUA,AMBATO,SAN FRANCISCO,198,""1,760"",""1,958"",""331,031"",""316,925"",""647,956"""
"TUNGURAHUA,AMBATO,SANTA ROSA,131,183,314,""331,031"",""316,925"",""647,956"""
"TUNGURAHUA,AMBATO,TOTORAS,39,60,99,""331,031"",""316,925"",""647,956"""
"TUNGURAHUA,AMBATO,UNAMUNCHO,0,0,0,""331,031"",""316,925"",""647,956"""
"TUNGURAHUA,BA헲S DE AGUA SANTA,BA헲S DE AGUA SANTA,479,492,971,""331,031"",""316,925"",""647,956"""
"TUNGURAHUA,BA헲S DE AGUA SANTA,LLIGUA,0,0,0,""331,031"",""316,925"",""647,956"""
"TUNGURAHUA,BA헲S DE AGUA SANTA,RIO NEGRO,0,0,0,""331,031"",""316,925"",""647,956"""
"TUNGURAHUA,BA헲S DE AGUA SANTA,RIO VERDE,0,0,0,""331,031"",""316,925"",""647,956"""
"TUNGURAHUA,BA헲S DE AGUA SANTA,ULBA,0,0,0,""331,031"",""316,925"",""647,956"""
"TUNGURAHUA,CEVALLOS,CEVALLOS,170,172,342,""331,031"",""316,925"",""647,956"""
"TUNGURAHUA,MOCHA,MOCHA,70,75,145,""331,031"",""316,925"",""647,956"""
"TUNGURAHUA,MOCHA,PINGUILI,0,0,0,""331,031"",""316,925"",""647,956"""
"TUNGURAHUA,PATATE,EL TRIUNFO,9,8,17,""331,031"",""316,925"",""647,956"""
"TUNGURAHUA,PATATE,LOS ANDES,0,0,0,""331,031"",""316,925"",""647,956"""
"TUNGURAHUA,PATATE,PATATE,95,117,212,""331,031"",""316,925"",""647,956"""
"TUNGURAHUA,PATATE,SUCRE,20,31,51,""331,031"",""316,925"",""647,956"""
"TUNGURAHUA,QUERO,QUERO,176,171,347,""331,031"",""316,925"",""647,956"""
"TUNGURAHUA,QUERO,RUMIPAMBA,0,0,0,""331,031"",""316,925"",""647,956"""
"TUNGURAHUA,QUERO,YANAYACU - MOCHAPATA,0,0,0,""331,031"",""316,925"",""647,956"""
"TUNGURAHUA,SAN PEDRO DE PELILEO,BENITEZ (PACHANLICA),0,0,0,""331,031"",""316,925"",""647,956"""
"TUNGURAHUA,SAN PEDRO DE PELILEO,BOLIVAR,0,0,0,""331,031"",""316,925"",""647,956"""
"TUNGURAHUA,SAN PEDRO DE PELILEO,CHIQUICHA,0,0,0,""331,031"",""316,925"",""647,956"""
"TUNGURAHUA,SAN PEDRO DE PELILEO,COTALO,0,0,0,""331,031"",""316,925"",""647,956"""
"TUNGURAHUA,SAN PEDRO DE PELILEO,EL ROSARIO (RUMICHACA),0,0,0,""331,031"",""316,925"",""647,956"""
"TUNGURAHUA,SAN PEDRO DE PELILEO,GARCIA MORENO (CHUMAQUI),333,229,562,""331,031"",""316,925"",""647,956"""
"TUNGURAHUA,SAN PEDRO DE PELILEO,GUAMBALO (HUAMBALO),100,55,155,""331,031"",""316,925"",""647,956"""
"TUNGURAHUA,SAN PEDRO DE PELILEO,PELILEO,459,733,""1,192"",""331,031"",""316,925"",""647,956"""
"TUNGURAHUA,SAN PEDRO DE PELILEO,PELILEO GRANDE,0,0,0,""331,031"",""316,925"",""647,956"""
"TUNGURAHUA,SAN PEDRO DE PELILEO,SALASACA,161,153,314,""331,031"",""316,925"",""647,956"""
"TUNGURAHUA,SANTIAGO DE PILLARO,BAQUERIZO MORENO,0,0,0,""331,031"",""316,925"",""647,956"""
"TUNGURAHUA,SANTIAGO DE PILLARO,CIUDAD NUEVA,613,540,""1,153"",""331,031"",""316,925"",""647,956"""
"TUNGURAHUA,SANTIAGO DE PILLARO,EMILIO MARIA TERAN (RUMIPAMBA),0,0,0,""331,031"",""316,925"",""647,956"""
"TUNGURAHUA,SANTIAGO DE PILLARO,MARCOS ESPINEL (CHACATA),0,0,0,""331,031"",""316,925"",""647,956"""
"TUNGURAHUA,SANTIAGO DE PILLARO,PILLARO,14,19,33,""331,031"",""316,925"",""647,956"""
"TUNGURAHUA,SANTIAGO DE PILLARO,PRESIDENTE URBINA (CHAGRAPAMBA-PATZUCUL),0,0,0,""331,031"",""316,925"",""647,956"""
"TUNGURAHUA,SANTIAGO DE PILLARO,SAN ANDRES,18,126,144,""331,031"",""316,925"",""647,956"""
"TUNGURAHUA,SANTIAGO DE PILLARO,SAN JOSE DE POALO,0,0,0,""331,031"",""316,925"",""647,956"""
"TUNGURAHUA,SANTIAGO DE PILLARO,SAN MIGUELITO,55,167,222,""331,031"",""316,925"",""647,956"""
"TUNGURAHUA,TISALEO,QUINCHICOTO,0,0,0,""331,031"",""316,925"",""647,956"""
"TUNGURAHUA,TISALEO,TISALEO,84,65,149,""331,031"",""316,925"",""647,956"""
"ZAMORA CHINCHIPE,CENTINELA DEL CONDOR,ZUMBI,75,58,133,""331,031"",""316,925"",""647,956"""
"ZAMORA CHINCHIPE,CHINCHIPE,CHITO,13,4,17,""331,031"",""316,925"",""647,956"""
"ZAMORA CHINCHIPE,CHINCHIPE,EL CHORRO,4,12,16,""331,031"",""316,925"",""647,956"""
"ZAMORA CHINCHIPE,CHINCHIPE,LA CHONTA,0,0,0,""331,031"",""316,925"",""647,956"""
"ZAMORA CHINCHIPE,CHINCHIPE,PUCAPAMBA,0,0,0,""331,031"",""316,925"",""647,956"""
"ZAMORA CHINCHIPE,CHINCHIPE,SAN ANDRES,0,0,0,""331,031"",""316,925"",""647,956"""
"ZAMORA CHINCHIPE,CHINCHIPE,ZUMBA,161,172,333,""331,031"",""316,925"",""647,956"""
"ZAMORA CHINCHIPE,EL PANGUI,EL GUISME,0,0,0,""331,031"",""316,925"",""647,956"""
"ZAMORA CHINCHIPE,EL PANGUI,EL PANGUI,156,126,282,""331,031"",""316,925"",""647,956"""
"ZAMORA CHINCHIPE,EL PANGUI,PACHICUTZA,0,0,0,""331,031"",""316,925"",""647,956"""
"ZAMORA CHINCHIPE,EL PANGUI,TUNDAYME,0,0,0,""331,031"",""316,925"",""647,956"""
"ZAMORA CHINCHIPE,NANGARITZA,GUAYZIMI,81,84,165,""331,031"",""316,925"",""647,956"""
"ZAMORA CHINCHIPE,NANGARITZA,ZURMI,0,0,0,""331,031"",""316,925"",""647,956"""
"ZAMORA CHINCHIPE,PALANDA,EL PORVENIR DEL CARMEN,13,7,20,""331,031"",""316,925"",""647,956"""
"ZAMORA CHINCHIPE,PALANDA,LA CANELA,0,0,0,""331,031"",""316,925"",""647,956"""
"ZAMORA CHINCHIPE,PALANDA,PALANDA,51,42,93,""331,031"",""316,925"",""647,956"""
"ZAMORA CHINCHIPE,PALANDA,SAN FRANCISCO DE VERGEL,23,28,51,""331,031"",""316,925"",""647,956"""
"ZAMORA CHINCHIPE,PALANDA,VALLADOLID,36,40,76,""331,031"",""316,925"",""647,956"""
"ZAMORA CHINCHIPE,PAQUISHA,BELLAVISTA,0,0,0,""331,031"",""316,925"",""647,956"""
"ZAMORA CHINCHIPE,PAQUISHA,NUEVO QUITO,18,5,23,""331,031"",""316,925"",""647,956"""
"ZAMORA CHINCHIPE,PAQUISHA,PAQUISHA,73,87,160,""331,031"",""316,925"",""647,956"""
"ZAMORA CHINCHIPE,YACUAMBI,28 DE MAYO (SAN JOSE DE YACUAMBI),88,96,184,""331,031"",""316,925"",""647,956"""
"ZAMORA CHINCHIPE,YACUAMBI,LA PAZ,0,0,0,""331,031"",""316,925"",""647,956"""
"ZAMORA CHINCHIPE,YACUAMBI,TUTUPALI,0,0,0,""331,031"",""316,925"",""647,956"""
"ZAMORA CHINCHIPE,YANTZAZA (YANZATZA),CHICA헤,15,10,25,""331,031"",""316,925"",""647,956"""
"ZAMORA CHINCHIPE,YANTZAZA (YANZATZA),LOS ENCUENTROS,24,30,54,""331,031"",""316,925"",""647,956"""
"ZAMORA CHINCHIPE,YANTZAZA (YANZATZA),YANTZAZA,632,585,""1,217"",""331,031"",""316,925"",""647,956"""
"ZAMORA CHINCHIPE,ZAMORA,CUMBARATZA,34,20,54,""331,031"",""316,925"",""647,956"""
"ZAMORA CHINCHIPE,ZAMORA,EL LIMON,0,0,0,""331,031"",""316,925"",""647,956"""
"ZAMORA CHINCHIPE,ZAMORA,GUADALUPE,109,123,232,""331,031"",""316,925"",""647,956"""
"ZAMORA CHINCHIPE,ZAMORA,IMBANA (LA VICTORIA DE IMBANA),22,11,33,""331,031"",""316,925"",""647,956"""
"ZAMORA CHINCHIPE,ZAMORA,SABANILLA,0,0,0,""331,031"",""316,925"",""647,956"""
"ZAMORA CHINCHIPE,ZAMORA,SAN CARLOS DE LAS MINAS,23,26,49,""331,031"",""316,925"",""647,956"""
"ZAMORA CHINCHIPE,ZAMORA,TIMBARA,0,0,0,""331,031"",""316,925"",""647,956"""
"ZAMORA CHINCHIPE,ZAMORA,ZAMORA,660,600,""1,260"",""331,031"",""316,925"",""647,956"""
